{"OptimizeResult": "Optimization terminated successfully.", "params": [0.9483541311849186, 2.775023720116779, 4.737502015902992, 3.8142465876808442], "prior": [0.002047723309872938, 0.0023374409531208753, 0.0026588928750009423, 0.0030135631779978607, 0.003402593365782907, 0.0038266932761531433, 0.004286049727070439, 0.004780236127871094, 0.005308126887974517, 0.005867820931141256, 0.006456578942424822, 0.007070779086622792, 0.007705895796298742, 0.008356505800134329, 0.009016324829953496, 0.009678277408663156, 0.01033460080611922, 0.010976982704711005, 0.011596730414445661, 0.012184967712777614, 0.012732853667399381, 0.013231816249019044, 0.013673792273319848, 0.014051464333568535, 0.014358484983756924, 0.014589678563253902, 0.014741211737990704, 0.014810725050419953, 0.014797419460722099, 0.014702093927836283, 0.014527132393638903, 0.014276440949493837, 0.013955338325549904, 0.013570404997913179, 0.013129298022051174, 0.012640540064540892, 0.012113291946776551, 0.011557118300566153, 0.010981755674540801, 0.010396891668039181, 0.00981196248408431, 0.009235974787948095, 0.008677356049913964, 0.008143835762063156, 0.0076423581661249325, 0.007179025516434538, 0.006759069513316422, 0.006386847439015647, 0.006065858747088856, 0.005798777409138559, 0.005587495200204884, 0.005433171277966661, 0.0053362838391274245, 0.005296680267559394, 0.005313622966538602, 0.005385828934177702, 0.00551150204141072, 0.005688357854430762, 0.005913641663112306, 0.006184141095358993, 0.006496195283573908, 0.006845702980139219, 0.007228132278008801, 0.007638534671802067, 0.00807156609309065, 0.008521517277244423, 0.008982355381977234, 0.009447778200579423, 0.009911281623627902, 0.010366240235861484, 0.01080600012923079, 0.011223982211881502, 0.011613793540721846, 0.01196934354633154, 0.012284961494118214, 0.012555511169724523, 0.012776498616194499, 0.012944168801182068, 0.013055587358249646, 0.013108704017882219, 0.013102394999307664, 0.013036482439999659, 0.012911729852646471, 0.012729813569347185, 0.012493271106289014, 0.012205428305729911, 0.011870307936064224, 0.011492523112435505, 0.01107715940689516, 0.010629649827286904, 0.01015564694933564, 0.009660896390977213, 0.009151115537664945, 0.008631880988098441, 0.0081085276250327, 0.007586061563893491, 0.007069088533172323, 0.006561758534503841, 0.006067726953155129, 0.0055901316723134375, 0.005131585211297902, 0.004694180475435563, 0.004279508383010267, 0.003888685424363874, 0.003522389105460634, 0.0031808992233393228, 0.00286414300030215, 0.0025717422513639723, 0.0023030609582044216, 0.002057251855486762, 0.0018333008858435254, 0.0016300686338054547, 0.0014463280945055522, 0.0012807983607364445, 0.0011321740151127519, 0.0009991501884243081, 0.0008804433887373573, 0.0007748083182868736, 0.0006810509780993023, 0.0005980384161078405, 0.0005247055065374295, 0.00046005916022074945, 0.00040318036106532597, 0.00035322440683461127, 0.00030941970617776, 0.0002710654515133146, 0.0002375284515709022, 0.0002082393702885434, 0.00018268858206147608, 0.0001604218183259378, 0.00014103574804264965, 0.00012417360539773652, 0.00010952095227243117, 9.680164084252962e-05, 8.577402298837201e-05, 7.622743784517652e-05, 6.797899654542916e-05, 6.087067370031667e-05, 5.476670811913369e-05, 4.955131035962571e-05, 4.512667163959915e-05, 4.1411267147165026e-05, 3.833844661989704e-05, 3.5855306010019524e-05, 3.392183593235322e-05, 3.2510345250890796e-05, 3.160516146834371e-05, 3.1202613427453456e-05, 3.1311306109164064e-05, 3.195270191720784e-05, 3.316202765788612e-05, 3.4989531323505084e-05, 3.750211760023682e-05, 4.0785395531212997e-05, 4.494617569687063e-05, 5.011545727384886e-05, 5.6451946956648084e-05, 6.414615142377099e-05, 7.342508213795148e-05, 8.455760500348368e-05, 9.786045685885813e-05, 0.00011370493495003243, 0.00013252424331938628, 0.00015482145033436333, 0.00018117797327777495, 0.00021226245806552776, 0.00024883986403319953, 0.00029178049502797597, 0.0003420686390271764, 0.0004008103902352931, 0.00046924013214895714, 0.0005487250607045741, 0.0006407670280304674, 0.0007470008957638821, 0.0008691885102246228, 0.0010092073593717821, 0.001169032954139877, 0.0013507140060890978, 0.0015563395611965982, 0.00178799740731807]}