{"OptimizeResult": "Optimization terminated successfully.", "params": [2.35638570884942, 2.0055646182041444], "prior": [0.0005877241821675155, 0.0006180720931077926, 0.0006510713485531357, 0.0006869330082325739, 0.0007258855803672516, 0.000768176030174436, 0.000814070786075459, 0.0008638567283727612, 0.0009178421422747292, 0.0009763576139753619, 0.0010397568450508819, 0.0011084173567404232, 0.0011827410517692438, 0.001263154597302902, 0.0013501095884597004, 0.0014440824476471296, 0.0015455740109390544, 0.0016551087489111763, 0.0017732335659652806, 0.0019005161193861534, 0.002037542597402128, 0.0021849148945978043, 0.0023432471234124206, 0.002513161402422063, 0.00269528286592887, 0.002890233845346161, 0.003098627181243691, 0.003321058635946343, 0.0035580983904668394, 0.0038102816264459468, 0.004078098213744458, 0.0043619815473578604, 0.004662296603271798, 0.004979327311477606, 0.005313263375209283, 0.005664186697973881, 0.006032057613388455, 0.006416701146303852, 0.006817793566123789, 0.007234849523409391, 0.007667210087467964, 0.008114032024252718, 0.008574278669103711, 0.009046712756216489, 0.009529891564895867, 0.010022164730455007, 0.010521675044101522, 0.011026362530663157, 0.011533972045269538, 0.01204206457028241, 0.01254803232249704, 0.013049117699078676, 0.013542436000529751, 0.014025001772394541, 0.014493758507052265, 0.0149456113458768, 0.015377462323602034, 0.015786247604453556, 0.016168976077057987, 0.01652276860577078, 0.016844897183046596, 0.01713282319355175, 0.017384233988040954, 0.017597076975033623, 0.017769590471659488, 0.017900330611451905, 0.017988193685201444, 0.018032433389208107, 0.018032672570534817, 0.01798890918759548, 0.017901516342466076, 0.017771236384138626, 0.017599169224796988, 0.01738675514932394, 0.017135752527105058, 0.01684821095062522, 0.01652644042378112, 0.016172977301395882, 0.015790547738076283, 0.015382029438140956, 0.014950412508612466, 0.014498760204828624, 0.014030170324524369, 0.013547737953411985, 0.013054520196078417, 0.012553503443593544, 0.012047573637032028, 0.011539489887719318, 0.01103186171395029, 0.010527130053548096, 0.010027552114986156, 0.009535190039545362, 0.00905190326531686, 0.008579344412471506, 0.008118958449265074, 0.007671984850378771, 0.007239462423573687, 0.006822236456991882, 0.006420967827121573, 0.0060361437055081865, 0.0056680895095564095, 0.005316981757894416, 0.0049828615123373625, 0.004665648115049487, 0.004365152959654198, 0.004081093067452389, 0.003813104273370685, 0.0035607538597082584, 0.0033235525082755918, 0.0031009654723822594, 0.002892422898758788, 0.002697329255475293, 0.0025150718449789005, 0.002345028401376279, 0.002186573788013653, 0.0020390858253258467, 0.0019019502899851732, 0.001774565134783606, 0.0016563439846724217, 0.001546718968230047, 0.001445142945812261, 0.0013510911960395956, 0.0012640626213670351, 0.0011835805315183253, 0.0011091930607882287, 0.0010404732718345068, 0.000977018994785727, 0.0009184524464439353, 0.0008644196702002893, 0.0008145898331200024, 0.0007686544125815978, 0.0007263263009447085, 0.0006873388530231234, 0.0006514448976920023, 0.0006184157317834899, 0.0005880401115353473, 0.0005601232542556282, 0.000534485860548604, 0.0005109631654031512, 0.0004894040246608785, 0.0004696700418404402, 0.00045163473897844324, 0.0004351827740365059, 0.00042020920649881474, 0.0004066188120255209, 0.00039432544641596496, 0.0003832514586543235, 0.00037332715244246806, 0.00036449029535546884, 0.0003566856745705451, 0.0003498646980079983, 0.00034398503967171496, 0.00033901032797744316, 0.0003349098759006319, 0.0003316584518546867, 0.00032923609031846576, 0.00032762794136305076, 0.00032682415837728413, 0.0003268198234549095, 0.00032761491007949955, 0.0003292142829231699, 0.00033162773475808627, 0.0003348700606627844, 0.00033896116988520045, 0.00034392623589773693, 0.000349795885343166, 0.00035660642671980807, 0.0003644001197858428, 0.00037322548677088215, 0.0003831376665623287, 0.0003941988130780574, 0.00040647853903809253, 0.0004200544062976059, 0.0004350124637920176, 0.0004514478339612024, 0.0004694653482514459, 0.0004891802319271191, 0.000510718837943985, 0.0005342194290261869, 0.0005598330063316761]}