{"OptimizeResult": "Optimization terminated successfully.", "params": [0.8792989352658601, 2.7474992255712745, 0.6021654508209506, 3.92007225430893, 5.393195365896797], "prior": [0.0014854151819307198, 0.001647400702790638, 0.0018171254036919338, 0.0019931904028004576, 0.0021738973518128694, 0.0023572619485076594, 0.002541039924440937, 0.002722765864425862, 0.0028998045544275995, 0.0030694138338123417, 0.003228817192550872, 0.0033752836567841242, 0.0035062119024896984, 0.003619215079903533, 0.0037122025664108765, 0.003783454825995817, 0.003831687755798924, 0.0038561033426271884, 0.0038564241122942783, 0.003832909691654103, 0.003786354760745212, 0.003718068683373, 0.0036298380966086263, 0.0035238746425352344, 0.003402750776440806, 0.00326932713514408, 0.003126675265115732, 0.0029779995798179283, 0.0028265622461200327, 0.002675614315500233, 0.0025283358562606367, 0.0023877871574365865, 0.0022568723176954715, 0.002138315757427548, 0.0020346514489517544, 0.0019482239896435958, 0.0018812000766739677, 0.0018355884992136567, 0.0018132664523647073, 0.0018160097946298658, 0.001845524807329542, 0.001903479054434044, 0.001991529066346611, 0.0021113427623993446, 0.0022646147670197935, 0.0024530730496654554, 0.0026784756187095025, 0.00294259631873949, 0.0032471991173079182, 0.0035940006221307336, 0.003984620945862325, 0.004420523435900317, 0.004902944212850476, 0.005432812912109079, 0.006010666493126053, 0.00663655845979348, 0.007309966306905193, 0.008029700449962525, 0.008793818281949294, 0.009599547300469002, 0.01044322142928556, 0.011320234687702935, 0.0122250162104084, 0.013151030266597481, 0.01409080435673919, 0.015035987676390588, 0.015977441241134743, 0.016905359792316704, 0.017809424292519638, 0.018678982429734377, 0.019503253148976427, 0.02027154989703574, 0.0209735160809999, 0.021599365283053756, 0.022140118113790443, 0.02258782728110085, 0.022935782540003724, 0.023178687686023533, 0.02331280265114345, 0.023336045021401675, 0.023248046859064977, 0.0230501644994684, 0.022745440907040906, 0.02233852211180989, 0.021835531100289362, 0.021243904202504396, 0.02057219641225256, 0.01982986313155884, 0.019027026496670412, 0.018174234701300026, 0.01728222258835688, 0.016361681263428192, 0.015423043641890566, 0.014476291742885963, 0.013530790264113893, 0.012595149592622442, 0.011677120008460521, 0.010783517493740196, 0.009920180332383066, 0.009091954625114047, 0.008302705984495746, 0.007555354034811507, 0.006851925925488744, 0.006193624865538189, 0.005580909680523855, 0.00501358155532158, 0.004490874422801649, 0.004011545855771099, 0.003573965782446422, 0.0031762008420714058, 0.002816092698505859, 0.0024913291119355837, 0.0021995070138274403, 0.0019381872247647683, 0.0017049407907993482, 0.0014973871879096206, 0.0013132248563134824, 0.0011502546799861577, 0.0010063971271925816, 0.0008797038219780964, 0.0007683643319212472, 0.0006707089417505182, 0.0005852081430956557, 0.000510469514515323, 0.00044523259903587727, 0.00038836231384810344, 0.0003388413526817059, 0.0002957619689278029, 0.00025831745917165907, 0.00022579360404357513, 0.0001975602671710652, 0.00017306330397726818, 0.00015181689017260415, 0.0001333963447827761, 0.00011743149399225476, 0.00010360059937288811, 9.162485655754264e-05, 8.126345743259432e-05, 7.230919979814014e-05, 6.458462255617673e-05, 5.793864126181182e-05, 5.224365779697065e-05, 4.739311854551582e-05, 4.3299497364096516e-05, 3.9892682502681415e-05, 3.7118750117976766e-05, 3.493911085167081e-05, 3.3330019834653594e-05, 3.2282444145832316e-05, 3.1802284900659947e-05, 3.1910953440698786e-05, 3.264630217113455e-05, 3.406391002917842e-05, 3.6238719892479756e-05, 3.926701993569038e-05, 4.326875246423911e-05, 4.839012153769872e-05, 5.4806454211985396e-05, 6.272524903698832e-05, 7.238931925969254e-05, 8.407990696676319e-05, 9.811960847354171e-05, 0.00011487491141763646, 0.00013475810162332606, 0.00015822825494538206, 0.00018579098883857674, 0.00021799661401614617, 0.0002554363027363535, 0.0002987358821487716, 0.0003485468743472441, 0.00040553444501363855, 0.0004703619950970487, 0.0005436722391471571, 0.0006260647622747355, 0.0007180702353288742, 0.0008201216916185538, 0.0009325235213766609, 0.0010554191109268325, 0.0011887583266011342, 0.0013322662993376316]}