{"OptimizeResult": "Optimization terminated successfully.", "params": [1.2342389935780111, 2.7875067209393274, 4.051665442428572], "prior": [0.0009011265385975614, 0.0010284858747693598, 0.0011718225086995388, 0.0013326100500473358, 0.0015123439865894252, 0.001712515574453092, 0.001934580463735753, 0.0021799219803786216, 0.002449809185779459, 0.0027453500767705805, 0.0030674405663429893, 0.003416710192654593, 0.0037934658296180737, 0.0041976350022578076, 0.004628710726142325, 0.0050857000717205985, 0.005567078878503792, 0.0060707551871999055, 0.006594043997462783, 0.007133655874914644, 0.007685701708297437, 0.008245715547405486, 0.00880869693463958, 0.009369173487107297, 0.00992128371212492, 0.01045887917711315, 0.010975644245083167, 0.01146523067672536, 0.011921403542085325, 0.01233819413308313, 0.012710054974552503, 0.013032011641534683, 0.01329980593948628, 0.013510025113479825, 0.013660212127965785, 0.01374895268848824, 0.013775935531949281, 0.013741983547965263, 0.013649054453110999, 0.013500210956179077, 0.013299561555794755, 0.013052174232863182, 0.01276396627679496, 0.012441574264641653, 0.012092208759200597, 0.01172349858591622, 0.011343329587179962, 0.010959682552163348, 0.010580474612063026, 0.010213407818684886, 0.009865827941429216, 0.009544595780967922, 0.009255972563872391, 0.009005520303084439, 0.00879801742786806, 0.00863738953574961, 0.008526654816601654, 0.008467883549905849, 0.008462171070862575, 0.008509623717285433, 0.008609357474570636, 0.008759509290386996, 0.008957261289914606, 0.00919887834189004, 0.009479759564134733, 0.009794504380215723, 0.010136993621848145, 0.010500485902264614, 0.010877729065457238, 0.011261085960581615, 0.011642673129177179, 0.01201451026640996, 0.012368677576687576, 0.012697477444713239, 0.012993596242651742, 0.013250261646648682, 0.013461390587787411, 0.013621722948143395, 0.013726936351223632, 0.013773737889787177, 0.013759929366771414, 0.013684443563325292, 0.013547350143029492, 0.013349830992663353, 0.013094126019347088, 0.012783451601170689, 0.012421894956013917, 0.01201428859146979, 0.011566069679941081, 0.011083129634592315, 0.010571659328422512, 0.010037995302200908, 0.009488471965737077, 0.00892928424350415, 0.008366364393605425, 0.007805275889296352, 0.00725112634873822, 0.006708500584559036, 0.0061814139690033985, 0.005673285514657158, 0.005186929387440379, 0.004724563019986406, 0.0042878295913737026, 0.0038778323852291813, 0.003495178425542731, 0.0031400288041429194, 0.0028121532365778645, 0.002510986591880323, 0.0022356854128757417, 0.0019851827542285956, 0.0017582399939806885, 0.0015534946023205785, 0.0013695031635042937, 0.0012047792316334622, 0.0010578258504251503, 0.0009271627765927498, 0.0008113486143754131, 0.0007089981959219826, 0.0006187956313517522, 0.000539503507396795, 0.0004699687394057843, 0.0004091255833437671, 0.0003559962974388508, 0.00030968991220606474, 0.00026939952714492827, 0.00023439850628988182, 0.00020403589617175468, 0.00017773134115132747, 0.0001549697244224642, 0.00013529571960462528, 0.00011830839862405105, 0.00010365600699122995, 9.103098777410122e-05, 8.016531045574453e-05, 7.082614019418394e-05, 6.28118663991674e-05, 5.5948496570150024e-05, 5.0086411538012376e-05, 4.509747115872219e-05, 4.0872454680836544e-05, 3.731881704661382e-05, 3.435874092834186e-05, 3.192746403400352e-05, 2.9971861873589514e-05, 2.844926753830806e-05, 2.7326511930176373e-05, 2.6579170146310274e-05, 2.6191002259614767e-05, 2.6153579460709042e-05, 2.6466089370889145e-05, 2.713531725443457e-05, 2.817580281277777e-05, 2.9610175200619257e-05, 3.146967183315582e-05, 3.3794849417958255e-05, 3.66364983990666e-05, 4.005677458442956e-05, 4.413056406104328e-05, 4.8947099480056304e-05, 5.461184728126238e-05, 6.124868625162166e-05, 6.900239776406606e-05, 7.804148686474801e-05, 8.856135076603393e-05, 0.0001007878069085704, 0.0001149809861837084, 0.00013143958772479698, 0.00015050547942405194, 0.00017256861254596364, 0.00019807219904357552, 0.00022751807605165918, 0.00026147215324399096, 0.00030056980517229704, 0.00034552103244873814, 0.0003971151730890882, 0.0004562248992785007, 0.0005238091864984116, 0.0006009148931462331, 0.0006886765418799399, 0.0007883138519663409]}