{"OptimizeResult": "Optimization terminated successfully.", "params": [1.0982531950873682, 0.35490413241004204, 1.4296084445570425], "prior": [0.006394312564630003, 0.006550145059049038, 0.006701132013382839, 0.0068465378343670474, 0.006985654119457972, 0.007117803108098569, 0.007242340983699753, 0.007358661010250093, 0.007466196488272691, 0.007564423515728045, 0.00765286354041214, 0.007731085691414674, 0.007798708878278827, 0.007855403647635659, 0.007900893788267796, 0.007934957676782732, 0.007957429357339717, 0.007968199350169918, 0.007967215184950865, 0.007954481656436578, 0.007930060801098005, 0.007894071594887581, 0.007846689373600344, 0.007788144978655556, 0.007718723632460531, 0.00763876354883572, 0.0075486542852709814, 0.007448834845040654, 0.007339791538423725, 0.007222055613449035, 0.0070962006677082875, 0.006962839853846239, 0.0068226228923426386, 0.006676232906139377, 0.0065243830925341625, 0.006367813248554993, 0.006207286166743388, 0.006043583918905808, 0.0058775040459384245, 0.005709855672288046, 0.005541455563979139, 0.0053731241494118665, 0.005205681522317386, 0.005039943446343626, 0.004876717380736799, 0.004716798546481114, 0.004560966052062081, 0.00440997909772828, 0.00426457327674407, 0.0041254569916531455, 0.003993308003012549, 0.0038687701274113663, 0.003752450100861024, 0.0036449146228384266, 0.0035466875953830738, 0.003458247570698979, 0.003380025419696444, 0.0033124022328322902, 0.00325570746347546, 0.0032102173228433233, 0.003176153434328385, 0.0031536817537714014, 0.0031429117609411993, 0.0031438959261602525, 0.0031566294546745413, 0.003181050310013114, 0.003217039516223537, 0.0032644217375107755, 0.003322966132455562, 0.0033923874786505872, 0.0034723475622753996, 0.003562456825840137, 0.003662276266070464, 0.003771319572687395, 0.003889055497662083, 0.004014910443402831, 0.00414827125726488, 0.00428848821876848, 0.0044348782049717424, 0.004586728018576956, 0.004743297862556126, 0.004903824944367731, 0.005067527192205312, 0.005233607065172695, 0.005401255438823073, 0.005569655547131979, 0.005737986961699252, 0.005905429588793733, 0.006071167664767493, 0.0062343937303743205, 0.006394312564630005, 0.00655014505904904, 0.006701132013382841, 0.0068465378343670474, 0.006985654119457972, 0.007117803108098571, 0.007242340983699753, 0.007358661010250095, 0.007466196488272691, 0.007564423515728045, 0.00765286354041214, 0.007731085691414674, 0.007798708878278827, 0.007855403647635659, 0.007900893788267796, 0.007934957676782732, 0.007957429357339717, 0.007968199350169918, 0.007967215184950865, 0.007954481656436578, 0.007930060801098003, 0.007894071594887581, 0.007846689373600344, 0.007788144978655556, 0.007718723632460531, 0.00763876354883572, 0.0075486542852709814, 0.007448834845040656, 0.007339791538423725, 0.007222055613449037, 0.007096200667708288, 0.006962839853846239, 0.0068226228923426386, 0.006676232906139379, 0.0065243830925341625, 0.006367813248554994, 0.006207286166743392, 0.006043583918905808, 0.005877504045938427, 0.00570985567228805, 0.005541455563979141, 0.005373124149411871, 0.0052056815223173875, 0.0050399434463436294, 0.004876717380736805, 0.004716798546481117, 0.004560966052062084, 0.004409979097728282, 0.004264573276744074, 0.004125456991653147, 0.003993308003012551, 0.003868770127411367, 0.003752450100861027, 0.0036449146228384305, 0.003546687595383075, 0.0034582475706989814, 0.0033800254196964447, 0.0033124022328322915, 0.0032557074634754607, 0.003210217322843324, 0.0031761534343283855, 0.0031536817537714014, 0.0031429117609411993, 0.0031438959261602525, 0.003156629454674541, 0.003181050310013113, 0.003217039516223536, 0.0032644217375107742, 0.0033229661324555592, 0.003392387478650586, 0.0034723475622753966, 0.0035624568258401327, 0.003662276266070461, 0.0037713195726873897, 0.0038890554976620815, 0.004014910443402827, 0.004148271257264878, 0.004288488218768476, 0.004434878204971739, 0.004586728018576952, 0.004743297862556119, 0.004903824944367727, 0.005067527192205305, 0.0052336070651726905, 0.005401255438823067, 0.005569655547131976, 0.005737986961699247, 0.005905429588793731, 0.006071167664767488, 0.006234393730374314]}