{"OptimizeResult": "Optimization terminated successfully.", "params": [7.824958808620839, -0.46801883940972094, 0.03461419289574169], "prior": [0.003060384764887144, 0.0032341791565694035, 0.0034108017878132064, 0.003590037471149011, 0.003771667835505814, 0.00395547159226266, 0.004141224804854738, 0.004328701161605594, 0.004517672251453047, 0.004707907842232881, 0.004899176161181278, 0.005091244177314226, 0.0052838778853398745, 0.005476842590757944, 0.005669903195798819, 0.005862824485853959, 0.006055371416048681, 0.006247309397608124, 0.006438404583667536, 0.006628424154178662, 0.006817136599565105, 0.007004312002781082, 0.00718972231942994, 0.00737314165560111, 0.007554346543087049, 0.00773311621164483, 0.007909232857970672, 0.008082481911059716, 0.008252652293627743, 0.008419536679276335, 0.008582931745088144, 0.00874263841934456, 0.00889846212406393, 0.009050213012064856, 0.00919770619826574, 0.009340761984938778, 0.009479206080643966, 0.009612869812576363, 0.009741590332067932, 0.009865210812993548, 0.009983580642839475, 0.010096555606201525, 0.010203998060489298, 0.010305777103622484, 0.010401768733514888, 0.010491855999151862, 0.010575929143077105, 0.010653885735115224, 0.010725630797167108, 0.010791076918926128, 0.010850144364374125, 0.01090276116892746, 0.010948863227114783, 0.010988394370679671, 0.011021306437012997, 0.011047559327831646, 0.011067121058032104, 0.01107996779465938, 0.011086083885943777, 0.011085461880370177, 0.01107810253575656, 0.011064014818330716, 0.011043215891806285, 0.011015731096471405, 0.010981593918315484, 0.010940845948231678, 0.010893536831344789, 0.01083972420652633, 0.010779473636170446, 0.010712858526316225, 0.010639960037213759, 0.010560866984442861, 0.010475675730704983, 0.0103844900684201, 0.010287421093271631, 0.010184587068853465, 0.010076113282583987, 0.009962131893062661, 0.009842781769055134, 0.009718208320303028, 0.009588563320364582, 0.009454004721701938, 0.009314696463240403, 0.009170808270634122, 0.00902251544948151, 0.008869998671742376, 0.008713443755616996, 0.008553041439155227, 0.008388987147871596, 0.008221480756649404, 0.008050726346223978, 0.007876931954541717, 0.007700309323297914, 0.007521073639962111, 0.007339443275605308, 0.007155639518848462, 0.006969886306256384, 0.006782409949505527, 0.006593438859658075, 0.00640320326887824, 0.006211934949929843, 0.006019866933796894, 0.005827233225771248, 0.005634268520353178, 0.005441207915312304, 0.005248286625257163, 0.005055739695062441, 0.004863801713502997, 0.004672706527443585, 0.004482686956932459, 0.004293974511546017, 0.004106799108330041, 0.003921388791681183, 0.0037379694555100137, 0.003556764568024074, 0.0033779948994662897, 0.0032018782531404505, 0.0030286292000514087, 0.0028584588174833782, 0.0026915744318347897, 0.0025281793660229777, 0.0023684726917665624, 0.0022126489870471894, 0.0020608980990462662, 0.0019134049128453814, 0.0017703491261723443, 0.0016319050304671582, 0.001498241298534758, 0.0013695207790431904, 0.0012459002981175767, 0.0011275304682716468, 0.0010145555049095986, 0.000907113050621825, 0.0008053340074886385, 0.0007093423775962357, 0.0006192551119592602, 0.0005351819680340171, 0.00045722537599589806, 0.00038548031394401434, 0.0003200341921849928, 0.0002609667467369974, 0.000208349942183662, 0.00016224788399633934, 0.00012271674043145143, 8.9804674098126e-05, 6.355178327947587e-05, 4.399005307901624e-05, 3.114331645174169e-05, 2.5027225167344462e-05, 2.5649230740943992e-05, 3.300857535456152e-05, 4.70962927804037e-05, 6.789521930483525e-05, 9.538001463971591e-05, 0.00012951719279563533, 0.000170265162879443, 0.000217574279766333, 0.00027138690458479095, 0.00033163747494067346, 0.00039825258479489375, 0.0004711510738973611, 0.0005502441266682586, 0.0006354353804061362, 0.0007266210426910181, 0.0008236900178394891, 0.0009265240422576544, 0.0010349978285271342, 0.0011489792180484572, 0.0012683293420559874, 0.0013929027908080904, 0.0015225477907465355, 0.0016571063894091813, 0.0017964146478707133, 0.0019403028404769967, 0.00208859566162961, 0.002241112439368743, 0.0023976673554941233, 0.002558069671955894, 0.002722123963239524, 0.002889630354461712]}