{"OptimizeResult": "Optimization terminated successfully.", "params": [0.060731667015848326, 2.137279097142176, 4.264995897712245, 3.186953182901987], "prior": [0.013874926721951484, 0.01397279881532936, 0.013999977145858397, 0.013956309207424772, 0.01384286609040929, 0.013661917173278726, 0.013416870369270976, 0.0131121806026906, 0.012753230521456214, 0.012346188551728858, 0.01189785020843881, 0.01141546905489872, 0.010906583840878462, 0.010378848149881294, 0.009839868382405472, 0.00929705513997359, 0.008757492115139409, 0.008227825503949265, 0.00771417581032278, 0.007222072774725573, 0.006756413093410482, 0.006321439649941142, 0.005920740195461867, 0.005557262812282398, 0.005233345087290186, 0.004950753705582499, 0.004710731138141761, 0.004514046219878146, 0.004361045669927371, 0.004251703965711684, 0.0041856694162087345, 0.004162304759526668, 0.004180721109190028, 0.004239804569870041, 0.004338235317878961, 0.00447449937972319, 0.004646893732129383, 0.004853525681128723, 0.005092307750498027, 0.00536094951762003, 0.00565694797567094, 0.005977578074164795, 0.006319885095432321, 0.006680680463653015, 0.007056542457678188, 0.007443823112393978, 0.007838662350594187, 0.00823701009485204, 0.008634656775276625, 0.009027272284982403, 0.009410453053289927, 0.009779776521605407, 0.010130861934426026, 0.010459436014527219, 0.010761401793544867, 0.011032908632300213, 0.011270421302784793, 0.011470785926274294, 0.011631290576390594, 0.011749718464520196, 0.011824391825498376, 0.011854204906697788, 0.011838644821805556, 0.011777799445746074, 0.01167235198028973, 0.011523562289613242, 0.011333235569271342, 0.011103679348937188, 0.01083765021879734, 0.010538291994432986, 0.010209067281983099, 0.009853684565469733, 0.009476023007340158, 0.009080057132422867, 0.008669783460101891, 0.008249150969140619, 0.007821997037041319, 0.007391990206223412, 0.0069625808090270115, 0.006536960149220593, 0.006118028605214445, 0.005708372703907509, 0.00531025092617656, 0.004925587754961038, 0.004555975271329503, 0.004202681446547156, 0.0038666641699487457, 0.0035485899918387765, 0.0032488565441142246, 0.0029676176236656387, 0.002704809978602299, 0.002460180918103354, 0.0022333159662027854, 0.0020236658912826315, 0.0018305725602286243, 0.0016532931836113623, 0.0014910226313215365, 0.0013429136032133977, 0.0012080945338806914, 0.0010856851930137424, 0.000974810012010713, 0.0008746092235010657, 0.0007842479436281285, 0.0007029233582193206, 0.0006298701945502632, 0.0005643646716803391, 0.0005057271257901296, 0.0004533235040784804, 0.0004065659130088535, 0.0003649123953507519, 0.0003278660967182823, 0.00029497396717951814, 0.0002658251278452486, 0.0002400490168280798, 0.00021731341412288687, 0.00019732243118786172, 0.0001798145385695607, 0.00016456069397772837, 0.00015136262385051304, 0.00014005130365942823, 0.00013048567592864726, 0.0001225516400792842, 0.00011616134461071369, 0.00011125280961775874, 0.00010778990600297385, 0.0001057627167339969, 0.00010518830484037368, 0.00010611191222875377, 0.0001086086124647484, 0.00011278543902239138, 0.00011878400768562908, 0.00012678364729478396, 0.00013700504630577697, 0.00014971441306457913, 0.000165228134651102, 0.00018391790195631077, 0.00020621624667819155, 0.00023262240856668524, 0.0002637084180372209, 0.00030012523991195477, 0.0003426087785104413, 0.00039198549293682387, 0.00044917731501398857, 0.0005152055023001281, 0.0005911929970920922, 0.000678364802167879, 0.0007780458290030689, 0.0008916556289485708, 0.0010206993878549664, 0.0011667545560610894, 0.0013314525052112148, 0.0015164546578596218, 0.0017234226317927744, 0.0019539820840988845, 0.002209680134338617, 0.0024919364935160173, 0.002801988724642286, 0.0031408324064633023, 0.003509157354926444, 0.003907281462959521, 0.004335084129036032, 0.00479194163518612, 0.005276667178215338, 0.005787458524090895, 0.006321856414254467, 0.006876716875083231, 0.00744820044300653, 0.008031780999829926, 0.008622276406935326, 0.009213902436132383, 0.009800350635172832, 0.010374889767367489, 0.010930489370971064, 0.011459962850548946, 0.011956126404002393, 0.012411969074967314, 0.012820828370777143, 0.013176565265765433, 0.013473732072410993, 0.0137077266471092]}