{"OptimizeResult": "Optimization terminated successfully.", "params": [0.1919392746893787, -0.08600929935244313, 2.284123114904144, 3.54963099844245, 2.2548195349542635], "prior": [0.005135799590718887, 0.005098625305843197, 0.0050445263725321125, 0.004974794111920616, 0.004890962352698909, 0.004794776943600995, 0.004688161524079281, 0.004573180761013528, 0.0044520022975671055, 0.004326858641966663, 0.004200010152645895, 0.004073710158213591, 0.0039501730946234544, 0.0038315463577941527, 0.0037198863685961895, 0.0036171391394961444, 0.0035251254285438094, 0.0034455303759707663, 0.0033798973490387165, 0.003329625577696718, 0.003295971050893321, 0.003280050062938398, 0.003282844751247622, 0.0033052099497336393, 0.0033478806934180974, 0.003411479746032375, 0.0034965245794099952, 0.003603433307072157, 0.0037325291603201066, 0.0038840431893622396, 0.004058114970890356, 0.004254791203914981, 0.00447402217490201, 0.004715656169119799, 0.00497943199581605, 0.005264969878935286, 0.005571761041335847, 0.005899156377791472, 0.006246354669455743, 0.0066123908389263, 0.006996124779544265, 0.007396231314051127, 0.007811191845148235, 0.00823928825286557, 0.00867859957008178, 0.009127001927409882, 0.009582172201671079, 0.010041595728461646, 0.010502578349554613, 0.01096226296136905, 0.011417650613460015, 0.011865626078602204, 0.01230298768190235, 0.012726481039432387, 0.01313283622157824, 0.013518807727443797, 0.013881216539191025, 0.014216993424023232, 0.014523222571220774, 0.014797184596265825, 0.01503639791692141, 0.015238657509460055, 0.015402070088221727, 0.015525084818216425, 0.015606518767155996, 0.015645576427391485, 0.015641862785822355, 0.015595389585950956, 0.015506574605051742, 0.015376233954497703, 0.015205567595936269, 0.01499613844355543, 0.014749845586788508, 0.014468892312759088, 0.014155749728737909, 0.013813116878132465, 0.013443878306553435, 0.01305106006610663, 0.012637785146368338, 0.012207229290896258, 0.011762578101119584, 0.011306986248513604, 0.010843539515315997, 0.010375220268413844, 0.009904876845418902, 0.009435197201370947, 0.008968687033786477, 0.008507652477325423, 0.008054187341055343, 0.0076101647543530045, 0.007177232994359192, 0.006756815190283343, 0.006350112538672125, 0.005958110619223393, 0.00558158837242103, 0.005221129287214346, 0.004877134347760669, 0.004549836301159113, 0.0042393148311873395, 0.0039455122542680545, 0.0036682493911898264, 0.0034072413095169404, 0.0031621126753175036, 0.00293241249718434, 0.002717628089112255, 0.002517198120466503, 0.0023305246601178454, 0.0021569841571602846, 0.0019959373320240703, 0.0018467379790096012, 0.0017087407042328383, 0.0015813076417723424, 0.0014638142056403868, 0.0013556539463503406, 0.0012562425886631903, 0.0011650213319451062, 0.0010814594968454167, 0.001005056602093989, 0.0009353439534833749, 0.0008718858238760015, 0.0008142802986538411, 0.0007621598556558189, 0.0007151917425282243, 0.0006730782077000782, 0.0006355566339972749, 0.0006023996162928282, 0.0005734150165849595, 0.0005484460214986397, 0.0005273712183954096, 0.0005101046970133115, 0.0004965961738036188, 0.00048683112585336523, 0.00048083091047543416, 0.00047865283524215217, 0.000480390131518571, 0.00048617177257218426, 0.0004961620653362556, 0.0005105599332231127, 0.0005295977964716078, 0.0005535399469373064, 0.0005826803066820612, 0.0006173394549905877, 0.0006578608074297497, 0.0007046058342313763, 0.0007579482146048512, 0.000818266839520623, 0.0008859375988949972, 0.0009613239206056541, 0.0010447660687500787, 0.0011365692570176182, 0.001236990689493908, 0.0013462257046008184, 0.0014643932665073757, 0.0015915211198639285, 0.001727530995076257, 0.0018722243188891753, 0.0020252689446164924, 0.0021861874634192128, 0.0023543476879658454, 0.0025289559081519797, 0.0027090535013565135, 0.002893517433869943, 0.003081065113752726, 0.0032702639481017185, 0.00345954582093706, 0.0036472265450355865, 0.003831530157384446, 0.0040106177307508515, 0.00418262017203248, 0.004345674281656978, 0.004497961168098703, 0.004637745958348144, 0.004763417628967886, 0.004873527711820223, 0.004966826610150435, 0.005042296298249672, 0.0050991782720816205, 0.005136995766399823, 0.005155569450084151, 0.005155026046752293]}