{"OptimizeResult": "Optimization terminated successfully.", "params": [2.9120230139444097, 2.3659141789079765], "prior": [0.00018668710009151358, 0.00019049517325043312, 0.00019492249828883596, 0.0002000028258833639, 0.00020577511392984787, 0.00021228390641973258, 0.0002195797644722179, 0.0002277197526649697, 0.00023676798403417964, 0.00024679622730178614, 0.0002578845800218363, 0.00027012221140489763, 0.0002836081785619773, 0.0002984523197874891, 0.0003147762282510437, 0.00033271430906341875, 0.0003524149220925234, 0.0003740416120963675, 0.00039777442667417146, 0.0004238113211725737, 0.0004523696479771244, 0.0004836877255232928, 0.0005180264798279445, 0.0005556711483237086, 0.0005969330322283425, 0.0006421512795568618, 0.0006916946761501337, 0.0007459634167244795, 0.0008053908219312783, 0.0008704449607611468, 0.0009416301303654802, 0.0010194881375600554, 0.001104599318017921, 0.0011975832205906713, 0.0012990988755053588, 0.0014098445566094217, 0.0015305569396774693, 0.0016620095514130592, 0.001805010397600701, 0.0019603986543756556, 0.002129040304326833, 0.002311822599725543, 0.0025096472392101958, 0.002723422152401294, 0.0029540517998121155, 0.003202425913660016, 0.003469406629299259, 0.003755813987401082, 0.00406240982395168, 0.0043898801086660715, 0.004738815842309422, 0.005109692679157362, 0.005502849501547079, 0.005918466237929297, 0.00635654128238904, 0.0068168689402246605, 0.007299017388447441, 0.007802307699240593, 0.00832579452548617, 0.008868249087254372, 0.009428145123433781, 0.01000364848035201, 0.010592610996459978, 0.01119256930655252, 0.01180074912884014, 0.012414075512560305, 0.013029189412793617, 0.013642470823911497, 0.014250068546007638, 0.014847936483354801, 0.01543187618517793, 0.01599758514271812, 0.01654071015946718, 0.017056904921024085, 0.01754189071506452, 0.017991519098217557, 0.018401835182621448, 0.01876914012720278, 0.019090051372748065, 0.019361559159555907, 0.019581077914026246, 0.019746491186122754, 0.019856188961316017, 0.019909096354386355, 0.0199046929124035, 0.019843022002672222, 0.019724690029442285, 0.01955085550078994, 0.019323208243884293, 0.01904393933248948, 0.01871570253520171, 0.018341568307764202, 0.017924971530453197, 0.017469654326333302, 0.016979605384465253, 0.016458997252310873, 0.01591212305409986, 0.015343334039242, 0.014756979271183086, 0.014157348638071781, 0.013548620208995596, 0.012934812780852446, 0.012319744268970905, 0.011706996397146651, 0.0110998859471867, 0.010501442641008288, 0.009914393555545537, 0.009341153816789809, 0.008783823187643524, 0.00824418805709409, 0.0077237282565183925, 0.007223628072620868, 0.006744790794541382, 0.006287856123198905, 0.005853219781504169, 0.005441054691790589, 0.005051333128540404, 0.004683849306999856, 0.004338241928426551, 0.0040140162675155735, 0.0037105654543106675, 0.0034271906692650215, 0.0031631200340968405, 0.0029175260411121134, 0.0026895414185567784, 0.0024782733785027864, 0.0022828162362966233, 0.002102262426531528, 0.0019357119699235804, 0.0017822804686554727, 0.001641105725134191, 0.0015113530912307035, 0.001392219662541807, 0.0012829374356786703, 0.0011827755466896107, 0.0010910417060917969, 0.0010070829412053952, 0.0009302857500911364, 0.0008600757638660533, 0.0007959170059279593, 0.00073731082800834, 0.0006837945942863223, 0.0006349401762650236, 0.00059035231291522, 0.000549666882861653, 0.0005125491282156076, 0.0004786918630995893, 0.00044781369399367213, 0.00041965727376249074, 0.00039398760658333564, 0.0003705904169620668, 0.0003492705925577718, 0.0003298507075960667, 0.0003121696311879615, 0.0002960812228380635, 0.0002814531157746752, 0.0002681655874187686, 0.00025611051528497423, 0.0002451904158349531, 0.00023531756324450225, 0.00022641318466695001, 0.00021840672834690978, 0.00021123520083400984, 0.00020484256954294032, 0.0001991792269844469, 0.00019420151313506086, 0.00018987129260737449, 0.00018615558351595696, 0.00018302623519704175, 0.00018045965222525688, 0.00017843656247184435, 0.00017694182726132432, 0.00017596429200382785, 0.00017549667600570953, 0.00017553550048968303, 0.00017608105418628607, 0.00017713739619009807, 0.00017871239610619714, 0.00018081781184436726, 0.00018346940575006808]}