{"OptimizeResult": "Optimization terminated successfully.", "params": [2.4588422853094767, 0.5450298859357395, 2.382065189326534], "prior": [0.007224834318396835, 0.007535463404319375, 0.007840352942762389, 0.008137404776332915, 0.0084244961169715, 0.008699509127391005, 0.008960362285705039, 0.009205042931587219, 0.009431640323851824, 0.00963837848867782, 0.009823648107750648, 0.009986036688563744, 0.01012435627629913, 0.010237668008380205, 0.010325302878177657, 0.010386878161596577, 0.010422309066511787, 0.010431815286482885, 0.010415922272374898, 0.010375457173425832, 0.010311539537658983, 0.010225566995051975, 0.01011919627052018, 0.009994319983035568, 0.009853039778298565, 0.009697636412435956, 0.009530537451373892, 0.009354283274092953, 0.009171492068281745, 0.008984824485385696, 0.008796948581057956, 0.00861050560970172, 0.008428077171879116, 0.008252154134955001, 0.00808510766469429, 0.007929162622809821, 0.0077863735065471845, 0.007658603034702388, 0.007547503422781249, 0.0074545003403705765, 0.0073807795074339105, 0.007327275863563845, 0.007294665234788226, 0.0072833584251371245, 0.007293497672945512, 0.0073249554323433904, 0.007377335465697752, 0.007449976259784477, 0.0075419568039559425, 0.007652104789387682, 0.007779007301743065, 0.00792102408281263, 0.008076303427943814, 0.008242800764136441, 0.008418299918064863, 0.008600437034348277, 0.008786727043314945, 0.008974592506295157, 0.009161394587877911, 0.009344465821955831, 0.009521144255623571, 0.009688808476246957, 0.009844912956535374, 0.009987023094344882, 0.010112849281973197, 0.010220279317057858, 0.010307408466263043, 0.010372566515212303, 0.010414341184021979, 0.010431597356636164, 0.010423491662179417, 0.01038948205490619, 0.010329332162298751, 0.010243110303967509, 0.0101311832222352, 0.009994204703363093, 0.0098330994010163, 0.009649042295735879, 0.009443434331358592, 0.009217874857690154, 0.008974131575374121, 0.008714108721894667, 0.008439814256166137, 0.008153326793424509, 0.007856763013388297, 0.00755224621504719, 0.007241876623869403, 0.006927703975169425, 0.006611702804698025, 0.006295750778224834, 0.005981610289970324, 0.005670913458986914, 0.0053651505564024276, 0.005065661807748427, 0.004773632435756166, 0.004490090741746247, 0.004215908969166605, 0.0039518066514357296, 0.0036983561179513716, 0.0034559898163628437, 0.0032250091050034986, 0.0030055941754524814, 0.0027978147800364413, 0.002601641461064169, 0.002416957006043278, 0.002243567884427559, 0.0020812154550542044, 0.001929586767965766, 0.0017883248185650226, 0.001657038145014547, 0.0015353096906649917, 0.00142270488147956, 0.0013187788935114361, 0.0012230831072551406, 0.0011351707640531617, 0.0010546018547446779, 0.0009809472825449686, 0.0009137923509702189, 0.0008527396337554662, 0.0007974112874679769, 0.0007474508692244272, 0.0007025247219068769, 0.0006623229878560454, 0.0006265603094956718, 0.0005949762719750515, 0.0005673356389423271, 0.0005434284281785104, 0.0005230698691966354, 0.0005061002801732824, 0.0004923848968305352, 0.00048181368119591347, 0.00047430113358046635, 0.000469786126653201, 0.0004682317761563376, 0.00046962535858819494, 0.000473978282054454, 0.000481326112421312, 0.0004917286528577133, 0.0005052700707887618, 0.0005220590621604701, 0.000542229038704021, 0.0005659383195608135, 0.0005933703041746105, 0.0006247335987762017, 0.0006602620641001741, 0.0007002147472258207, 0.0007448756556941374, 0.0007945533274180689, 0.0008495801455034184, 0.0009103113430962446, 0.0009771236399670209, 0.0010504134499646027, 0.0011305945969888732, 0.0012180954770330808, 0.0013133556054507453, 0.001416821492236559, 0.001528941794105572, 0.0016501617008268517, 0.0017809165249007693, 0.0019216244784953334, 0.002072678639732236, 0.0022344381319927037, 0.002407218564825771, 0.002591281813065234, 0.0027868252415009166, 0.0029939705153180034, 0.003212752170725725, 0.003443106154745914, 0.003684858576827528, 0.003937714946416693, 0.004201250198319024, 0.004474899830014418, 0.004757952490358022, 0.0050495443656915235, 0.005348655705783177, 0.005654109816911137, 0.005964574821809581, 0.006278568445520382, 0.006594466032332178, 0.00691051193240073]}