{"OptimizeResult": "Optimization terminated successfully.", "params": [1.9358484602273216, 1.466603151722066, 1.5798174173428665], "prior": [0.008598049632795247, 0.008612831191200116, 0.0086127180100244, 0.008597710640675405, 0.008567882197548067, 0.008523378001818958, 0.008464414873456122, 0.00839128007489399, 0.008304329911519671, 0.00820398799578893, 0.008090743183428869, 0.007965147191781978, 0.007827811911894696, 0.00767940642744574, 0.0075206537550376795, 0.007352327321732722, 0.0071752471969938145, 0.0069902760973886546, 0.006798315183521289, 0.006600299669668235, 0.006397194267508535, 0.006189988486145429, 0.005979691811317462, 0.005767328787285452, 0.005553934025355823, 0.005340547163358334, 0.00512820780063506, 0.004917950433216914, 0.004710799413862959, 0.004507763961516739, 0.0043098332444930325, 0.004117971561349254, 0.003933113642919812, 0.00375616009840144, 0.0035879730276757245, 0.003429371821245135, 0.003281129168244866, 0.003143967291979032, 0.0030185544313213386, 0.0029055015851224522, 0.0028053595354850234, 0.00271861616440864, 0.0026456940768777746, 0.0025869485419727748, 0.0025426657620346163, 0.002513061478315869, 0.0024982799199109985, 0.0024983931010867156, 0.0025134004704357098, 0.002543228913563048, 0.0025877331092921583, 0.002646696237654995, 0.002719831036217127, 0.002806781199591445, 0.0029071231153221856, 0.0030203679276822465, 0.0031459639193291374, 0.0032832991992164193, 0.003431704683665375, 0.003590457356073437, 0.0037587837893783946, 0.003935863914117302, 0.004120835013722462, 0.004312795927589828, 0.004510811441442882, 0.00471391684360258, 0.004921122624965687, 0.005131419299793653, 0.005343782323825663, 0.005557177085755293, 0.005770563947752784, 0.005982903310476057, 0.006193160677894203, 0.006400311697248159, 0.006603347149594377, 0.006801277866618083, 0.006993139549761861, 0.007177997468191304, 0.0073549510127096755, 0.007523138083435391, 0.00768173928986598, 0.00782998194286625, 0.007967143819132085, 0.008092556679789779, 0.008205609525988663, 0.008305751575626092, 0.008392494946702475, 0.008465417034233341, 0.00852416256913834, 0.0085684453490765, 0.008598049632795247, 0.008612831191200116, 0.0086127180100244, 0.008597710640675405, 0.008567882197548069, 0.008523378001818958, 0.008464414873456122, 0.00839128007489399, 0.008304329911519671, 0.008203987995788928, 0.008090743183428869, 0.007965147191781976, 0.007827811911894697, 0.007679406427445743, 0.0075206537550376795, 0.0073523273217327234, 0.007175247196993813, 0.006990276097388657, 0.0067983151835212885, 0.006600299669668237, 0.006397194267508534, 0.006189988486145429, 0.005979691811317466, 0.005767328787285452, 0.005553934025355827, 0.005340547163358333, 0.005128207800635063, 0.004917950433216918, 0.004710799413862959, 0.004507763961516742, 0.004309833244493033, 0.004117971561349258, 0.003933113642919813, 0.0037561600984014425, 0.0035879730276757254, 0.003429371821245138, 0.0032811291682448684, 0.0031439672919790326, 0.0030185544313213407, 0.0029055015851224557, 0.0028053595354850243, 0.0027186161644086426, 0.002645694076877776, 0.002586948541972776, 0.002542665762034618, 0.0025130614783158696, 0.002498279919910999, 0.0024983931010867156, 0.002513400470435709, 0.002543228913563047, 0.002587733109292157, 0.0026466962376549942, 0.0027198310362171255, 0.002806781199591441, 0.002907123115322184, 0.0030203679276822435, 0.0031459639193291353, 0.003283299199216415, 0.0034317046836653724, 0.0035904573560734316, 0.0037587837893783916, 0.003935863914117296, 0.0041208350137224535, 0.004312795927589823, 0.0045108114414428736, 0.004713916843602577, 0.004921122624965681, 0.00513141929979365, 0.005343782323825658, 0.005557177085755288, 0.005770563947752776, 0.005982903310476048, 0.006193160677894197, 0.00640031169724815, 0.006603347149594373, 0.006801277866618077, 0.006993139549761858, 0.0071779974681912976, 0.007354951012709673, 0.007523138083435386, 0.007681739289865975, 0.007829981942866247, 0.00796714381913208, 0.008092556679789774, 0.00820560952598866, 0.008305751575626092, 0.008392494946702472, 0.00846541703423334, 0.008524162569138339, 0.008568445349076498]}