{"OptimizeResult": "Optimization terminated successfully.", "params": [5.199585760799167, -0.5812092048787268, 0.22339940705744943], "prior": [0.0026310214289395756, 0.0027881773969720713, 0.0029487049890088743, 0.0031124086269064674, 0.003279088862998685, 0.00344854262309297, 0.0036205634538850006, 0.003794941774490233, 0.00397146513178593, 0.004149918459252566, 0.004330084338999252, 0.0045117432666539415, 0.004694673918795701, 0.004878653422603201, 0.0050634576273909234, 0.00524886137770224, 0.005434638787626654, 0.005620563516006989, 0.005806409042201223, 0.005991948942062996, 0.006176957163804559, 0.006361208303406049, 0.006544477879235576, 0.006726542605545505, 0.006907180664511749, 0.007086171976484617, 0.007263298468121968, 0.007438344338077987, 0.007611096319923881, 0.007781343941980174, 0.007948879783744027, 0.008113499728599167, 0.008275003212500548, 0.00843319346833074, 0.008587877765630357, 0.008738867645410426, 0.008885979149760642, 0.009029033045973748, 0.009167855044912972, 0.009302276013356493, 0.009432132180060225, 0.009557265335287852, 0.009677523023565011, 0.009792758729422816, 0.009902832055904379, 0.010007608895616874, 0.01010696159412075, 0.010200769105456989, 0.010288917139622966, 0.010371298301817218, 0.010447812223283452, 0.010518365683594426, 0.010582872724226684, 0.010641254753287761, 0.010693440641268306, 0.010739366807702438, 0.01077897729863074, 0.010812223854771543, 0.010839065970317429, 0.010859470942285315, 0.010873413910360008, 0.010880877887182654, 0.010881853779047232, 0.01087634039697983, 0.010864344458187227, 0.010845880577873012, 0.0108209712514312, 0.010789646827039074, 0.010751945468682597, 0.010707913109659482, 0.01065760339661653, 0.010601077624189466, 0.010538404660324867, 0.010469660862375172, 0.010394929984069011, 0.010314303073470192, 0.010227878362049652, 0.010135761145005558, 0.0100380636529773, 0.009934904915309779, 0.00982641061503445, 0.009712712935743936, 0.009593950400546664, 0.009470267703297812, 0.009341815532312116, 0.009208750386773379, 0.009071234386064329, 0.008929435072249114, 0.008783525205949107, 0.0086336825558607, 0.008480089682171538, 0.00832293371413904, 0.008162406122102239, 0.007998702484204648, 0.007832022248112431, 0.007662568488018144, 0.007490547657226114, 0.007316169336620881, 0.007139645979325185, 0.006961192651858548, 0.006781026772111862, 0.006599367844457172, 0.006416437192315416, 0.006232457688507914, 0.0060476534837201916, 0.005862249733408875, 0.0056764723234844616, 0.005490547595104126, 0.005304702068909891, 0.005119162169048118, 0.004934153947306555, 0.004749902807705067, 0.004566633231875539, 0.00438456850556561, 0.004203930446599366, 0.004024939134626496, 0.0038478126429891462, 0.0036727667730331293, 0.0035000147911872326, 0.0033297671691309423, 0.0031622313273670863, 0.002997611382511948, 0.002836107898610565, 0.002677917642780374, 0.002523233345480756, 0.00237224346570069, 0.0022251319613504736, 0.0020820780651373653, 0.001943256066198145, 0.001808835097754626, 0.0016789789310508914, 0.001553845775823266, 0.0014335880875461031, 0.0013183523816883002, 0.0012082790552067407, 0.0011035022154942437, 0.0010041495169903685, 0.0009103420056541273, 0.0008221939714881502, 0.0007398128092938983, 0.0006632988878276655, 0.0005927454275166885, 0.0005282383868844318, 0.0004698563578233554, 0.00041767046984280825, 0.0003717443034086766, 0.00033213381248037494, 0.0002988872563395727, 0.0002720451407936866, 0.00025164016882579896, 0.00023769720075110713, 0.00023023322392846246, 0.00022925733206388398, 0.00023477071413128447, 0.0002467666529238859, 0.0002652305332381034, 0.0002901398596799154, 0.00032146428407204154, 0.0003591656424285161, 0.0004031980014516326, 0.0004535077144945838, 0.0005100334869216467, 0.0005727064507862463, 0.0006414502487359415, 0.0007161811270421036, 0.0007968080376409228, 0.000883232749061462, 0.0009753499661055563, 0.0010730474581338134, 0.001176206195801335, 0.001284700496076663, 0.001398398175367178, 0.0015171607105644463, 0.0016408434078133002, 0.0017692955787989963, 0.0019023607243377346, 0.002039876725046783, 0.002181676038862001, 0.0023275859051620075, 0.002477428555250412]}