sub,hue_angle,scaled_deviation
s1,22.5,0.06555893375690292
s1,67.5,0.29618291412037645
s1,112.5,-0.3319600477044795
s1,157.5,-0.13644496870114142
s1,202.5,0.685232487600564
s1,247.5,2.0820605004049844
s1,292.5,-1.828806038320454
s1,337.5,-0.8856116885744256
