sub,hue_angle,scaled_deviation
s2,22.5,-0.5715030431940583
s2,67.5,0.0522597887588413
s2,112.5,0.540939467605902
s2,157.5,0.10986168106218497
s2,202.5,-0.3314153356895434
s2,247.5,0.40951426590778817
s2,292.5,1.7364346706601332
s2,337.5,-1.9808057699221222
