sub,hue_angle,scaled_deviation
s3,22.5,0.06309597877447104
s3,67.5,0.37534478644547187
s3,112.5,-0.39799541779508485
s3,157.5,-0.3928438150968731
s3,202.5,0.02117560324507961
s3,247.5,0.4101045972427205
s3,292.5,0.2284819557793213
s3,337.5,-0.30867565840894917
