sub,hue_angle,scaled_deviation
s4,22.5,0.009067742617357433
s4,67.5,0.1224157843130027
s4,112.5,-0.19947192685583764
s4,157.5,-0.13162438370062773
s4,202.5,0.07648367168670905
s4,247.5,0.3778975458996872
s4,292.5,0.03566087127160367
s4,337.5,-0.29277631906852625
