sub,hue_angle,scaled_deviation
s5,22.5,-0.03512239299777076
s5,67.5,0.09690318252525293
s5,112.5,-0.11885354677168536
s5,157.5,-0.1283906981148093
s5,202.5,0.08890141096828336
s5,247.5,0.3697343798977482
s5,292.5,0.031146479062901355
s5,337.5,-0.309842108956553
