sub,hue_angle,scaled_deviation
s6,22.5,0.10065114274565162
s6,67.5,-0.004179443433928787
s6,112.5,-0.18023269279360832
s6,157.5,0.019954896390113386
s6,202.5,0.4203670326687957
s6,247.5,0.46702813021194656
s6,292.5,-0.620591150054923
s6,337.5,-0.19122118048408454
