{"OptimizeResult": "Optimization terminated successfully.", "params": [-0.4636453389789385, 1.2406034143815141], "prior": [0.011838703431755223, 0.011603832431995136, 0.01135853264525294, 0.011103957538353578, 0.010841269186187734, 0.010571628798996917, 0.010296187697181798, 0.01001607883036718, 0.009732408923283838, 0.00944625131610938, 0.009158639551632644, 0.00887056174633699, 0.00858295576757833, 0.008296705224770056, 0.008012636269144347, 0.007731515184457711, 0.007454046740120032, 0.007180873268774869, 0.006912574422420554, 0.006649667554768639, 0.006392608672678257, 0.006141793896135836, 0.005897561364290849, 0.005660193524406216, 0.005429919741111871, 0.0052069191649237205, 0.004991323801459693, 0.004783221725998375, 0.004582660391833268, 0.0043896499851301864, 0.004204166783558864, 0.00402615648071421, 0.003855537443152467, 0.003692203871641077, 0.0035360288428708028, 0.0033868672123321397, 0.0032445583632567066, 0.00310892879042365, 0.00297979451119941, 0.002856963299396308, 0.0027402367403918017, 0.00262941210844527, 0.0025242840692899465, 0.002424646212877459, 0.0023302924226297193, 0.0022410180887297406, 0.002156621173883989, 0.0020769031406404985, 0.002001669749776278, 0.001930731739501484, 0.0018639053952932405, 0.0018010130200938352, 0.0017418833144107694, 0.001686351675561609, 0.0016342604249354347, 0.0015854589717130424, 0.0015398039210163215, 0.0014971591339576324, 0.0014573957465448502, 0.0014203921538775163, 0.0013860339655528354, 0.0013542139376943054, 0.00132483188652608, 0.001297794587947104, 0.0012730156671137778, 0.001250415481620504, 0.0012299210014752085, 0.001211465688702284, 0.0011949893790682094, 0.0011804381681147016, 0.0011677643033994479, 0.001156926084583858, 0.0011478877727689755, 0.001140619510262785, 0.0011350972517623732, 0.001131302707750516, 0.00112922330073576, 0.0011288521348055186, 0.0011301879788105163, 0.0011332352633535465, 0.0011380040916132918, 0.0011445102638923492, 0.001152775315634914, 0.0011628265685112514, 0.0011746971940104628, 0.0011884262888176747, 0.0012040589610739492, 0.001221646426424715, 0.0012412461125527025, 0.0012629217706622673, 0.001286743592131254, 0.0013127883282725182, 0.0013411394108480896, 0.0013718870706535527, 0.0014051284511375597, 0.0014409677136411308, 0.0014795161304336842, 0.0015208921612885182, 0.0015652215088814195, 0.0016126371478148948, 0.0016632793215710497, 0.0017172955011833147, 0.0017748402988975666, 0.001836075329574641, 0.0019011690120784772, 0.0019702963024086466, 0.002043638349886175, 0.0021213820673028393, 0.0022037196056138952, 0.002290847723511996, 0.002382967042087237, 0.002480281174778195, 0.002582995722976264, 0.002691317127986605, 0.002805451370600557, 0.0029256025103236846, 0.0030519710573572467, 0.003184752171774714, 0.003324133685991796, 0.003470293948619126, 0.0036233994901263473, 0.0037836025134450413, 0.003951038215698877, 0.004125821950666699, 0.004308046245342776, 0.004497777688031615, 0.004695053709763725, 0.004899879285391254, 0.00511222358545176, 0.005332016614694422, 0.005559145877948935, 0.005793453118674719, 0.006034731179933448, 0.006282721041547356, 0.006537109090696245, 0.006797524686018008, 0.0070635380772593615, 0.007334658743524977, 0.007610334213051837, 0.007889949426058833, 0.008172826699477803, 0.00845822634816912, 0.008745348011503487, 0.009033332726923709, 0.009321265783300817, 0.009608180376622486, 0.009893062078903383, 0.010174854118336098, 0.010452463454808453, 0.010724767620243368, 0.010990622278060348, 0.011248869440739755, 0.011498346269350186, 0.011737894364353916, 0.011966369443426349, 0.012182651289802723, 0.012385653844175275, 0.012574335304759014, 0.012747708094135128, 0.012904848548130916, 0.013044906181502414, 0.013167112387679212, 0.0132707884353597, 0.01335535263327535, 0.013420326545854733, 0.01346534015660883, 0.013490135892544743, 0.013494571441438405, 0.013478621313939232, 0.013442377123770123, 0.013386046581218987, 0.013309951217166329, 0.013214522876527102, 0.013100299040687024, 0.012967917057795953, 0.012818107377200906, 0.012651685899472942, 0.012469545566089448, 0.01227264732263685, 0.012062010596242278]}