{"OptimizeResult": "Optimization terminated successfully.", "params": [0.45267681371281804, 2.88451723851877, 3.02905489109403, 6.89195658489648], "prior": [0.008471866036217003, 0.008858055272183234, 0.009230661202921904, 0.009586069105103033, 0.009920684320509576, 0.01023099527808429, 0.010513638094906824, 0.010765461039501935, 0.010983587052760452, 0.011165472500565042, 0.011308960382416588, 0.011412326342904889, 0.011474316024975086, 0.01149417255909344, 0.011471653290628069, 0.011407035196062891, 0.01130110881180838, 0.011155160880689307, 0.010970946293549453, 0.010750650250225124, 0.010496841870310206, 0.010212420736922084, 0.009900558046375792, 0.009564634157097398, 0.009208174379830543, 0.008834784829541063, 0.008448090072249247, 0.008051674155229992, 0.0076490264169862, 0.007243493246213516, 0.00683823670966661, 0.006436200710583687, 0.006040085084699762, 0.005652327801184983, 0.005275095220572858, 0.004910280178151719, 0.004559507514122507, 0.0042241465631465466, 0.0039053300450748608, 0.0036039787623609334, 0.003320831502075898, 0.0030564795533937713, 0.002811405274633179, 0.0025860241654023616, 0.002380729905712436, 0.0021959418009036467, 0.002032154004583874, 0.001889985768093168, 0.0017702317729901512, 0.0016739113351130208, 0.0016023149229023954, 0.001557046014640051, 0.001540055844836344, 0.0015536680871450954, 0.0016005900317152071, 0.0016839063952565339, 0.0018070516227433819, 0.001973756482420588, 0.0021879650087803667, 0.0024537184982119996, 0.002775004384015868, 0.0031555694617823138, 0.003598699114540965, 0.004106966858954531, 0.004681961594541856, 0.00532400321190594, 0.006031860456842572, 0.006802487847181288, 0.0076308006488667104, 0.008509508076687268, 0.00942902466131207, 0.010377477859803395, 0.011340826343025459, 0.012303097991380718, 0.01324674967779566, 0.0141531428163517, 0.015003119988105081, 0.0157776594422809, 0.01645857670450901, 0.017029236688581178, 0.01747523628910511, 0.017785016926775837, 0.017950369163799326, 0.01796679723800884, 0.017833719800007232, 0.017554493612455386, 0.01713625859840408, 0.01658961439409805, 0.01592814944326013, 0.015167852734125378, 0.01432644479427462, 0.013422668059592455, 0.012475577070599592, 0.011503866280814061, 0.010525268021104034, 0.009556045993554991, 0.008610601334836892, 0.007701199592139432, 0.006837818641510001, 0.006028110273132075, 0.005277462324392069, 0.004589144120118485, 0.003964515649726754, 0.003403280274297736, 0.0029037615826884465, 0.0024631869880144147, 0.002077963417165492, 0.001743933640364104, 0.0014566050933113664, 0.0012113461963982645, 0.001003547978134253, 0.0008287511392916498, 0.0006827404925133028, 0.0005616099772553244, 0.0004618022222312721, 0.00038012697548911835, 0.0003137627294444496, 0.00026024562215347304, 0.00021744927993871282, 0.00018355875317110652, 0.00015704114631849258, 0.00013661500077619365, 0.0001212199862589337, 0.00010998801327158635, 0.000102216505014419, 9.734426398404431e-05, 9.493013305478205e-05, 9.463447607175315e-05, 9.62033802286087e-05, 9.945540240577918e-05, 0.00010427063513607464, 0.00011058184668163423, 0.00011836744669881794, 0.0001276460382057193, 0.0001384723333200338, 0.00015093423086815478, 0.00016515087579259332, 0.00018127154140158773, 0.00019947519463427038, 0.0002199706208592488, 0.00024299699784369536, 0.00026882481824183033, 0.0002977570662564436, 0.00033013055715298774, 0.00036631734827279944, 0.00040672612739057416, 0.0004518034790436081, 0.0005020349222399219, 0.0005579456042104678, 0.0006201005251653676, 0.0006891041589918174, 0.0007655993252357397, 0.000850265159388002, 0.0009438140224006774, 0.0010469871875375862, 0.0011605491442441705, 0.001285280365881965, 0.0014219684020990776, 0.0015713971784373992, 0.0017343344165303596, 0.0019115171287408697, 0.002103635191853621, 0.0023113130656018514, 0.0025350897930150446, 0.002775397499871496, 0.0030325386983094983, 0.0033066627925497577, 0.0035977422796143947, 0.0039055492310721843, 0.004229632728710602, 0.0045692980026203365, 0.004923588079121029, 0.005291268782811473, 0.005670817946557074, 0.0060604196607520625, 0.0064579643349578775, 0.006861055248562582, 0.007267022131611479, 0.007672942143539001, 0.008075668409438099]}