{"OptimizeResult": "Optimization terminated successfully.", "params": [0.01284585331969335, 2.9108065867679245, 2.646849434984336], "prior": [0.010690453049691292, 0.010687241823053155, 0.010650052768708453, 0.010579319463158376, 0.010475840274665013, 0.010340763166570332, 0.010175563903282234, 0.009982018304788723, 0.009762169359379904, 0.009518290136307858, 0.00925284353595715, 0.008968439972082147, 0.008667794098003341, 0.00835368166738161, 0.008028897563031384, 0.007696215938375381, 0.007358353300930387, 0.007017935231806579, 0.006677467286215108, 0.0063393104641072204, 0.006005661483756807, 0.005678537940240236, 0.005359768290465788, 0.005050986480800223, 0.004753630925507663, 0.004468947456130709, 0.004197995794510293, 0.003941659055275202, 0.00370065575638809, 0.00347555380705812, 0.0032667859488331114, 0.0030746661454215947, 0.00289940644703956, 0.0027411338930754766, 0.0025999070599818496, 0.0024757319071216726, 0.0023685766197279164, 0.0022783851934530257, 0.0022050895478817945, 0.002148619995963222, 0.0021089139321030692, 0.0020859226335498446, 0.00207961609794554, 0.002089985865031582, 0.002117045793264055, 0.0021608307834297268, 0.0022213934622927504, 0.002298798860894777, 0.002393117145388204, 0.0025044144840988447, 0.002632742163603705, 0.0027781240994394427, 0.0029405429237912097, 0.0031199248729608738, 0.003316123740998475, 0.00352890421160695, 0.0037579249268851053, 0.004002721696841094, 0.004262691295709436, 0.004537076327463777, 0.004824951670857424, 0.00512521303108395, 0.005436568128032359, 0.0057575310376416266, 0.006086420170962987, 0.006421360323718643, 0.00676028915665267, 0.007100968373950321, 0.007440999754616035, 0.007777846062189703, 0.008108856714887163, 0.008431297945560275, 0.008742387024099331, 0.009039329960097422, 0.009319361957297372, 0.009579789760256557, 0.00981803492432977, 0.010031676958481355, 0.010218495241688342, 0.01037650860163899, 0.010504011471399318, 0.01059960560631456, 0.010662226448391003, 0.010691163365668086, 0.010686073164788692, 0.010646986469709503, 0.010574306770624447, 0.010468802166209693, 0.010331590040330855, 0.010164115122526903, 0.009968121571564383, 0.009745619885749802, 0.009498849576425663, 0.00923023863768715, 0.008942360903160619, 0.008637892398863704, 0.00831956778073361, 0.00799013788906928, 0.007652329364058324, 0.007308807152092833, 0.006962140597889519, 0.0066147736691493705, 0.006268999705346287, 0.005926940926705056, 0.005590532789455692, 0.005261513134191138, 0.004941415949805706, 0.004631569469190058, 0.004333098226638626, 0.004046928641750998, 0.003773797650446415, 0.0035142638796560703, 0.003268720856686676, 0.0030374117549840937, 0.002820445202513098, 0.0026178117144443026, 0.002429400355481298, 0.002255015286225644, 0.0020943918999069577, 0.0019472123083069174, 0.0018131199868109491, 0.0016917334366124376, 0.0015826587659152605, 0.0014855011306270061, 0.001399875007929799, 0.0013254133029740292, 0.001261775309731718, 0.0012086535619507692, 0.0011657796195177436, 0.001132928839843438, 0.0011099241837061174, 0.0010966391009609177, 0.0010929995343330725, 0.0010989850698649595, 0.0011146292512041259, 0.0011400190625295412, 0.0011752935722469109, 0.0012206417173720539, 0.0012762991974943573, 0.0013425444380970352, 0.001419693576526601, 0.0015080944207532584, 0.0016081193319206109, 0.0017201569871726362, 0.001844602989921836, 0.0019818493110346845, 0.002132272566670929, 0.0022962211668539245, 0.002474001403181878, 0.0026658625840622592, 0.002871981370809427, 0.0030924455169001803, 0.0033272372642899795, 0.0035762167032494115, 0.003839105453634184, 0.0041154710734903005, 0.004404712642805674, 0.004706048003278028, 0.005018503156354985, 0.005340904328788823, 0.00567187320505647, 0.006009825797166974, 0.006352975373149538, 0.006699339795180367, 0.007046753527065754, 0.0073928844598701565, 0.007735255576165982, 0.008071271331085043, 0.00839824847651719, 0.008713450898792855, 0.00901412788610145, 0.009297555096306554, 0.009561077365457225, 0.009802152388714735, 0.010018394224617663, 0.010207615525682393, 0.010367867387121947, 0.01049747573327365, 0.010595073228731582, 0.010659625806910059]}