{"OptimizeResult": "Optimization terminated successfully.", "params": [0.4014252029303497, 2.896907754296255, 0.4165993244033459, 7.359930858577148, 3.4915018711897043], "prior": [0.01105727256464082, 0.011593571958529753, 0.012107989453154947, 0.012594744453671322, 0.013048133337709935, 0.01346264518830298, 0.01383307894121103, 0.014154658341861982, 0.01442314099941733, 0.014634917877035965, 0.014787099773494848, 0.01487758772789523, 0.014905124802684931, 0.01486932734814649, 0.014770694593559435, 0.014610596210194343, 0.014391238309188042, 0.014115609132082924, 0.013787406423792722, 0.013410949111413422, 0.012991076418306218, 0.012533037899884298, 0.012042378083269923, 0.011524819424714304, 0.01098614717294237, 0.010432099458358705, 0.009868265539299259, 0.00929999465441113, 0.008732317385146132, 0.008169880855714184, 0.007616898520221791, 0.007077114736044575, 0.0065537838226353675, 0.006049662874792464, 0.005567017252130934, 0.00510763740956026, 0.004672865568839025, 0.004263630655525959, 0.0038804899312479342, 0.003523675826928927, 0.003193146614461826, 0.0028886397262528336, 0.0026097267268097575, 0.0023558691400225296, 0.0021264745216610977, 0.0019209523206741074, 0.0017387691774100496, 0.0015795033452072472, 0.001442897878916954, 0.0013289120975400882, 0.0012377705900684008, 0.001170008691541046, 0.0011265129161349004, 0.0011085543123640804, 0.001117812131973027, 0.0011563846240970753, 0.0012267832416745549, 0.0013319061563120526, 0.0014749868131566312, 0.0016595134197023233, 0.0018891158526095724, 0.0021674175731060557, 0.002497851825756805, 0.002883443674820462, 0.0033265622639793587, 0.003828650951348667, 0.004389946471907905, 0.005009201731073518, 0.005683429882824435, 0.006407689594892208, 0.007174932445726065, 0.007975932867882457, 0.008799318680363611, 0.009631715917813501, 0.010458015441121458, 0.01126176099693283, 0.012025649501116491, 0.012732125066846976, 0.013364039531339102, 0.013905344856748702, 0.014341777637852533, 0.014661493728512059, 0.014855612129022906, 0.014918631855965401, 0.014848693281090888, 0.014647665762144518, 0.01432105539159708, 0.013877739262450294, 0.013329544630826844, 0.012690701648985846, 0.011977206049841904, 0.01120613267749443, 0.0103949418208496, 0.009560818024804567, 0.008720075859996968, 0.007887659718700797, 0.0070767559208049485, 0.006298526160372329, 0.005561962448019244, 0.0048738559175839765, 0.004238865681589152, 0.0036596696296990494, 0.003137176737605534, 0.0026707799669836124, 0.0022586299183813357, 0.0018979116817062608, 0.0015851104069236146, 0.0013162545926638158, 0.0010871296106287514, 0.0008934572676353305, 0.0007310400557915624, 0.0005958710381575304, 0.00048421201985046294, 0.00039264378041933997, 0.000318092753218566, 0.00025783871875571763, 0.00020950793047261223, 0.0001710557116463262, 0.00014074204059811614, 0.00011710305348360473, 9.892079835236545e-05, 8.519301301056727e-05, 7.510419945257757e-05, 6.799884348286336e-05, 6.335728395868194e-05, 6.0774469067922875e-05, 5.994163983768053e-05, 6.0630843751244275e-05, 6.26820931148806e-05, 6.599293304859984e-05, 7.051016299276565e-05, 7.622345505990984e-05, 8.316062551640695e-05, 9.13843366853563e-05, 0.0001009900314559472, 0.00011210492831500585, 0.0001248879292387558, 0.00013953031445777814, 0.00015625711612232338, 0.00017532907671035167, 0.0001970451073552619, 0.00022174516601028297, 0.0002498134755056737, 0.0002816819971584065, 0.0003178340667837108, 0.0003588080869138068, 0.0004052011520062866, 0.00045767246277880085, 0.0005169463620304833, 0.0005838147980720891, 0.0006591389940720264, 0.0007438500733774381, 0.0008389483636221071, 0.0009455010779336481, 0.0010646380518685016, 0.001197545202207204, 0.0013454553710676171, 0.0015096362287606024, 0.0016913749343122858, 0.001891959296421238, 0.002112655242343503, 0.0023546804898349366, 0.0026191744290951905, 0.002907164357875319, 0.0032195283724363545, 0.0035569553972093853, 0.003919903032358151, 0.004308554104618771, 0.00472277301449243, 0.005162063171974751, 0.005625526991850859, 0.006111830065385552, 0.006619171224718439, 0.007145260256441217, 0.007687304989883689, 0.008242009373938878, 0.008805583957368853, 0.009373769899129077, 0.009941877259918476, 0.010504837871956055]}