{"OptimizeResult": "Optimization terminated successfully.", "params": [7.026596774966334, 2.820145146114215, 0.19629714492047617], "prior": [0.007263068401806521, 0.0070830724182557436, 0.0069012153907037, 0.006717718883925538, 0.006532806460149292, 0.006346703406679762, 0.006159636461420621, 0.0059718335366292135, 0.005783523441240575, 0.005594935602098993, 0.005406299784436726, 0.005217845811940479, 0.0050298032867466275, 0.004842401309706392, 0.0046558682012617335, 0.00447043122327207, 0.0042863163021307025, 0.004103747753508314, 0.003922948009058876, 0.0037441373454209247, 0.0035675336158444418, 0.0033933519847701905, 0.003221804665685014, 0.0030531006625723776, 0.002887445515273216, 0.002725041049067293, 0.00256608512878019, 0.0024107714177154954, 0.0022592891417058977, 0.0021118228585706605, 0.0019685522332603396, 0.0018296518189627343, 0.0016952908444366926, 0.0015656330078329538, 0.001440836277253164, 0.0013210526982900667, 0.001206428208783388, 0.0010971024610170377, 0.0009932086515743337, 0.0008948733590584627, 0.0008022163898759683, 0.0007153506322710845, 0.0006343819187888119, 0.0005594088973342537, 0.0004905229109853399, 0.00042780788670536846, 0.0003713402330909124, 0.0003211887472797281, 0.00027741453113203145, 0.00024007091678729695, 0.00020920340168726029, 0.0001848495931442965, 0.0001670391625226976, 0.0001557938090886884, 0.00015112723357321633, 0.00015304512147971437, 0.00016154513615719676, 0.00017661692164710755, 0.00019824211530045563, 0.00022639437014988239, 0.00026103938700937346, 0.0003021349562625435, 0.00034963100928854475, 0.0004034696794629704, 0.0004635853726594232, 0.0005299048471658568, 0.0006023473029183169, 0.0006808244799433756, 0.0007652407658893098, 0.0008554933125150232, 0.0009514721609947937, 0.00105306037588616, 0.0011601341875977387, 0.0012725631431834128, 0.0013902102652791576, 0.0015129322189888486, 0.0016405794865157607, 0.001772996549326966, 0.0019100220776287085, 0.002051489126921921, 0.002197225341398372, 0.0023470531639296615, 0.0025007900523932366, 0.002658248702071862, 0.002819237273855549, 0.002983559627967972, 0.0031510155629325604, 0.0033214010594871633, 0.003494508529150107, 0.0036701270671347748, 0.003848042709304588, 0.004028038692855364, 0.004209895720407403, 0.004393392227185564, 0.004578304650961811, 0.004764407704431344, 0.004951474649690483, 0.005139277574481888, 0.005327587669870528, 0.005516175509012115, 0.00570481132667438, 0.005893265299170625, 0.006081307824364473, 0.006268709801404712, 0.006455242909849373, 0.006640679887839034, 0.0068247948089804, 0.00700736335760279, 0.007188163102052233, 0.007366973765690179, 0.007543577495266662, 0.007717759126340911, 0.00788930644542609, 0.00805801044853873, 0.008223665595837888, 0.008386070062043813, 0.008545025982330914, 0.008700339693395608, 0.008851821969405206, 0.008999288252540445, 0.009142558877850765, 0.00928145929214837, 0.009415820266674414, 0.00954547810327815, 0.009670274833857944, 0.009790058412821039, 0.009904682902327717, 0.010014008650094067, 0.010117902459536771, 0.010216237752052642, 0.010308894721235135, 0.010395760478840017, 0.010476729192322292, 0.01055170221377685, 0.010620588200125763, 0.010683303224405737, 0.010739770878020192, 0.010789922363831377, 0.010833696579979074, 0.010871040194323809, 0.010901907709423843, 0.010926261517966808, 0.010944071948588407, 0.010955317302022417, 0.010959983877537889, 0.01095806598963139, 0.010949565974953907, 0.010934494189463998, 0.010912868995810648, 0.010884716740961222, 0.010850071724101731, 0.010808976154848562, 0.010761480101822561, 0.01070764143164814, 0.010647525738451683, 0.010581206263945249, 0.010508763808192788, 0.010430286631167728, 0.0103458703452218, 0.010255617798596083, 0.01015963895011631, 0.01005805073522495, 0.009950976923513367, 0.009838547967927698, 0.009720900845831949, 0.009598178892122259, 0.009470531624595347, 0.009338114561784138, 0.009201089033482397, 0.009059621984189184, 0.008913885769712738, 0.008764057947181452, 0.00861032105871787, 0.008452862409039244, 0.008291873837255557, 0.00812755148314313, 0.007960095548178553, 0.007789710051623943, 0.007616602581960998, 0.007440984043976336]}