{"OptimizeResult": "Optimization terminated successfully.", "params": [6.2085284913941905, 2.1497753078863298, 1.1084242262325628], "prior": [0.009501233920004801, 0.009311696112990821, 0.009103858766746945, 0.008878734443932335, 0.008637419927618326, 0.00838109087787155, 0.008110996104056271, 0.007828451480760681, 0.00753483353698819, 0.007231572749846487, 0.006920146575406857, 0.006602072250686723, 0.006278899401823399, 0.005952202494451326, 0.005623573163063765, 0.00529461245672953, 0.004966923038942866, 0.004642101379608006, 0.004321729977198271, 0.004007369648982578, 0.003700551926880605, 0.003402771595993225, 0.003115479412159745, 0.002840075034021293, 0.0025779002040246077, 0.002330232211587712, 0.0020982776702742597, 0.0018831666392935397, 0.0016859471179656049, 0.001507579939973931, 0.0013489340922802802, 0.0012107824815076002, 0.0010937981684166168, 0.0009985510888214902, 0.000925505276919806, 0.0008750166045646074, 0.0008473310474925078, 0.0008425834869546184, 0.0008607970525886565, 0.0009018830097336762, 0.0009656411917364098, 0.0010517609751430925, 0.0011598227930256963, 0.001289300179069834, 0.0014395623324657187, 0.0016098771911063033, 0.0017994149981202876, 0.002007252344364163, 0.002232376667178776, 0.0024736911834927814, 0.0027300202332395562, 0.0030001150070548374, 0.003282659630350428, 0.003576277574122918, 0.0038795383612646186, 0.004190964535704252, 0.004509038860424384, 0.004832211709287712, 0.00515890861665978, 0.005487537948047342, 0.005816498654381577, 0.006144188072168241, 0.0064690097315031015, 0.006789381133912838, 0.007103741462128531, 0.0074105591842305, 0.007708339515117881, 0.007995631698951363, 0.008271036077089814, 0.008533210907086499, 0.008780878899523396, 0.009012833440836848, 0.009227944471817566, 0.009425163993145504, 0.009603531171137176, 0.009762177018830826, 0.009900328629603506, 0.01001731294269449, 0.010112560022289616, 0.010185605834191301, 0.0102360945065465, 0.0102637800636186, 0.010268527624156488, 0.01025031405852245, 0.010209228101377432, 0.010145469919374699, 0.010059350135968018, 0.009951288318085411, 0.009821810932041273, 0.009671548778645388, 0.009501233920004805, 0.009311696112990821, 0.009103858766746941, 0.008878734443932333, 0.008637419927618326, 0.008381090877871556, 0.008110996104056271, 0.007828451480760676, 0.0075348335369881895, 0.00723157274984649, 0.006920146575406857, 0.006602072250686717, 0.006278899401823397, 0.005952202494451328, 0.005623573163063771, 0.0052946124567295316, 0.004966923038942863, 0.0046421013796080065, 0.004321729977198274, 0.004007369648982576, 0.0037005519268806003, 0.003402771595993223, 0.0031154794121597464, 0.0028400750340212967, 0.0025779002040246086, 0.0023302322115877102, 0.0020982776702742605, 0.001883166639293543, 0.0016859471179656055, 0.0015075799399739316, 0.0013489340922802808, 0.0012107824815076002, 0.0010937981684166161, 0.000998551088821491, 0.0009255052769198053, 0.0008750166045646082, 0.0008473310474925078, 0.0008425834869546184, 0.0008607970525886565, 0.0009018830097336742, 0.0009656411917364091, 0.0010517609751430903, 0.0011598227930256955, 0.0012893001790698312, 0.0014395623324657142, 0.0016098771911063033, 0.0017994149981202816, 0.0020072523443641615, 0.0022323766671787696, 0.0024736911834927805, 0.002730020233239552, 0.0030001150070548366, 0.0032826596303504236, 0.0035762775741229103, 0.0038795383612646173, 0.004190964535704242, 0.004509038860424383, 0.004832211709287703, 0.00515890861665978, 0.005487537948047337, 0.0058164986543815765, 0.006144188072168235, 0.006469009731503092, 0.006789381133912833, 0.007103741462128523, 0.0074105591842304995, 0.007708339515117876, 0.007995631698951362, 0.008271036077089811, 0.008533210907086497, 0.00878087889952339, 0.00901283344083684, 0.009227944471817564, 0.009425163993145497, 0.009603531171137176, 0.009762177018830823, 0.009900328629603506, 0.010017312942694489, 0.010112560022289616, 0.010185605834191301, 0.010236094506546497, 0.0102637800636186, 0.010268527624156488, 0.010250314058522452, 0.010209228101377435, 0.010145469919374699, 0.010059350135968018, 0.009951288318085411, 0.009821810932041278, 0.009671548778645393]}