,Hue Angle,PSE,JND,PSE_err,JND_err,condition,subject,trialN
0,22.5,-0.9835819124160396,4.629876626206986,0.43967502902216204,0.7497994511747081,LL,s3,240
1,67.5,-0.6242252274380891,5.0667989601357215,0.33379602081138665,0.5514787710662972,LL,s3,240
2,112.5,-0.24574371546196244,2.253893886505695,0.17170635822989216,0.31116628888445885,LL,s3,240
3,157.5,-0.5988545132140345,5.216805578666347,0.5164435590935533,0.897152243722888,LL,s3,240
4,202.5,0.6083661936743516,7.146820810078523,0.5346998644706537,1.1837499391692452,LL,s3,240
5,247.5,0.17414410498165736,4.509199688948722,0.4623023230054092,0.7295917483043405,LL,s3,240
6,292.5,0.20648323372131644,2.6917217975844134,0.19369201024661148,0.31640648617749084,LL,s3,240
7,337.5,-0.6785003316120394,4.624787783805425,0.26079671619954004,0.4065553501155398,LL,s3,240
8,22.5,-1.7735121509540945,7.714372021240741,0.5906055719100831,1.0104889147186813,HH,s3,240
9,67.5,-0.23760913022678679,12.07372129621034,0.6944761037630713,1.6495031514358567,HH,s3,240
10,112.5,-0.9389506739585758,7.19443127564686,0.6428521032170201,1.106936612072928,HH,s3,240
11,157.5,1.2626958817029341,16.62868483829479,1.3365945928964154,3.279140596227372,HH,s3,240
12,202.5,-0.2248716052174731,14.728102577124856,1.1042599850292745,2.509183461370087,HH,s3,240
13,247.5,-0.3689918051932713,10.737938961523895,0.6444603384616241,1.3825992966756329,HH,s3,240
14,292.5,-0.19779762927738104,12.227701595126566,0.7023236164879955,1.589107321132245,HH,s3,240
15,337.5,-0.5462617250266917,8.693052675711138,0.4499905919624091,0.8727219943246953,HH,s3,240
16,22.5,-5.378542895080682,8.657381096993847,0.47694535299205126,0.7102355269175058,LH,s3,240
17,67.5,1.260261034686845,11.15215172298843,0.7166748141512401,1.360381607169118,LH,s3,240
18,112.5,0.06146038117951055,7.575491592137381,0.44190327145468666,0.7529510079279722,LH,s3,240
19,157.5,3.102293430144059,11.613355193228768,0.7969961461017009,1.361005807483886,LH,s3,240
20,202.5,10.691645654835925,11.060230422014966,0.9037700959937934,1.0665683483705517,LH,s3,240
21,247.5,6.335211238133595,13.42773571399575,0.8300990918187616,1.4346707893542194,LH,s3,240
22,292.5,3.574298640387856,8.80635000526635,0.5729521744476938,0.8644220423931269,LH,s3,240
23,337.5,-10.029591477324098,7.076236046417802,0.6355191929588824,0.6311398293331775,LH,s3,240
