,Hue Angle,PSE,JND,PSE_err,JND_err,condition,subject,trialN
0,22.5,0.4170588485052874,6.275983690085806,0.4110160583765606,0.713768615819413,LL,s4,240
1,67.5,0.2864310769088715,4.209439472936669,0.2730478708164495,0.44344555234207506,LL,s4,240
2,112.5,0.013155582073109002,5.7890631076003825,0.44619568819305755,0.832298187042765,LL,s4,240
3,157.5,-0.6386491894738905,8.561367248707885,0.34470704484861764,0.7516331778837916,LL,s4,240
4,202.5,-1.0298250534134783,7.122723947377205,0.5005508769298582,0.9386085874627778,LL,s4,240
5,247.5,-0.7133005047685749,6.97677980809529,0.5315105011442576,0.8806151803454602,LL,s4,240
6,292.5,-0.11565844612225906,2.634075603996379,0.1614370300947851,0.27849246295740504,LL,s4,240
7,337.5,-0.011856881368304087,4.714060786435722,0.354291868503324,0.6550717064263236,LL,s4,240
8,22.5,0.42800026553518833,11.914025310022096,0.9448288976680742,1.954205150016797,HH,s4,240
9,67.5,1.1520681949030571,8.500795251343302,0.5163122901528296,0.8360499493055871,HH,s4,240
10,112.5,-0.5984169578532126,7.534011679677715,0.5084754109431626,0.9445284327783514,HH,s4,240
11,157.5,1.4413215074542751,13.97693516439578,0.8380582582640304,1.8756272761285413,HH,s4,240
12,202.5,0.7989143416571356,9.600209338851053,0.5276518093221623,1.3104347328203616,HH,s4,240
13,247.5,-0.2568322397850168,8.041744208533673,0.5968054577046257,1.0810299982758091,HH,s4,240
14,292.5,0.03254045702087304,6.344321932758432,0.4533607362561651,0.8778759992833199,HH,s4,240
15,337.5,-0.3869615604288793,9.015657322530224,0.5381829665075947,0.9824397776890184,HH,s4,240
16,22.5,-0.40419297818714056,9.053354342699928,0.7918936749950157,1.4597932891556065,LH,s4,240
17,67.5,-3.1338049305973334,7.865532673789144,0.4181623157430454,0.6731326853799565,LH,s4,240
18,112.5,-1.884651330006784,3.6556922674999024,0.3269897086789731,0.4933862532213844,LH,s4,240
19,157.5,2.954439221255813,9.200684511379789,0.6652078108056299,1.000777033410834,LH,s4,240
20,202.5,3.712572401480153,5.729665187401176,0.2922024768071733,0.3899880892490166,LH,s4,240
21,247.5,2.670950937735622,5.729368406004532,0.426664077651543,0.6226948035004075,LH,s4,240
22,292.5,0.4621360582075759,6.210923910548762,0.5373633304431003,0.8876390951508556,LH,s4,240
23,337.5,-1.943504058502954,7.469451832920903,0.6274414204501744,0.8945660011100315,LH,s4,240
