{"OptimizeResult": "Optimization terminated successfully.", "params": [1.4856009430744965, 2.844753260439202, 5.8881205529991325], "prior": [7.567228773518577e-05, 9.281134481836702e-05, 0.00011374011738286266, 0.00013923964307696628, 0.00017023089725001856, 0.0002077931079727295, 0.00025318240628787435, 0.00030785009795927126, 0.00037345961250515296, 0.00045190093128705873, 0.0005453010289295753, 0.0006560285964413549, 0.0007866910707109841, 0.0009401217998629325, 0.0011193550588379508, 0.0013275866301632943, 0.0015681178189042655, 0.0018442811149737763, 0.002159346282107216, 0.0025164064629293378, 0.0029182449506425776, 0.0033671845765642647, 0.003864923160553512, 0.004412360101420531, 0.005009420850363844, 0.005654887588499663, 0.0063462457738923846, 0.007079557176017687, 0.007849370418947977, 0.008648679768398105, 0.009468941816590233, 0.010300157789610315, 0.011131026439028463, 0.011949168975404854, 0.012741423429397675, 0.013494201435796334, 0.01419389603722445, 0.014827325045194512, 0.015382191130898355, 0.015847537472249512, 0.016214176718756194, 0.016475071417450013, 0.016625645917553188, 0.016664013053711554, 0.01659110338288629, 0.016410690090729443, 0.01612930847813623, 0.015756074732119728, 0.015302414022425657, 0.014781712437734925, 0.014208910560647887, 0.013600058373699027, 0.012971851618786513, 0.012341168766305005, 0.011724625580037522, 0.011138161182336112, 0.010596665890738264, 0.01011365729853994, 0.009701007481504171, 0.009368721154450846, 0.009124762318785512, 0.008974925578714054, 0.008922747893787076, 0.008969457004037923, 0.00911395394031447, 0.009352828669505662, 0.009680409726558793, 0.010088850339474644, 0.010568254762378413, 0.011106849044878984, 0.01169120010742519, 0.01230648568201193, 0.012936815443073398, 0.013565600632420684, 0.0141759659133595, 0.014751193392566898, 0.015275185095594456, 0.015732927059920247, 0.016110935980302922, 0.0163976683022876, 0.016583872009505327, 0.016662863162971064, 0.01663071246296796, 0.016486331518231034, 0.016231453806559094, 0.015870511090835555, 0.015410411861349031, 0.014860233752563038, 0.014230846415204145, 0.013534484679548315, 0.012784293801697152, 0.011993869048968878, 0.01117681089242426, 0.01034631479356365, 0.009514811255332958, 0.008693667777784587, 0.007892959969666258, 0.007121314667776068, 0.006385823819202617, 0.005692024340679475, 0.005043936362146564, 0.004444150285072956, 0.0038939519587511, 0.00339347494992319, 0.002941869249686492, 0.002537476687755999, 0.0021780046509933537, 0.001860691272160104, 0.0015824569194078672, 0.0013400384518487936, 0.0011301042137118065, 0.0009493490505780481, 0.0007945697060189825, 0.000662721780968201, 0.0005509600173453227, 0.00045666402316858117, 0.0003774517200203445, 0.0003111828018388542, 0.00025595438433803966, 0.00021009083273502952, 0.00017212951371621175, 0.00014080395230624534, 0.00011502560645304167, 9.386521707361381e-05, 7.653445933294018e-05, 6.236841805257109e-05, 5.080923890885075e-05, 4.1391167414617424e-05, 3.372707769067594e-05, 2.749650968200814e-05, 2.243517311356385e-05, 1.832583528050721e-05, 1.499048400828324e-05, 1.2283643384184963e-05, 1.0086715155021926e-05, 8.303220467467338e-06, 6.854822823416587e-06, 5.678022089508918e-06, 4.721419880200374e-06, 3.9434676990724885e-06, 3.3106202169528652e-06, 2.7958265489213103e-06, 2.377302094936336e-06, 2.037532286737885e-06, 1.7624673846337072e-06, 1.540874303262779e-06, 1.36381736894487e-06, 1.2242450019171266e-06, 1.1166636675388039e-06, 1.0368841498458365e-06, 9.818283671924928e-07, 9.493876685349751e-07, 9.383259108645702e-07, 9.482227089030654e-07, 9.794541482081734e-07, 1.0332100393244344e-06, 1.1115485381733846e-06, 1.217490740269849e-06, 1.3551597481074708e-06, 1.5299707890282443e-06, 1.7488813056169607e-06, 2.020712637379847e-06, 2.3565580515663063e-06, 2.7702955576478064e-06, 3.2792282526078176e-06, 3.904879991375886e-06, 4.6739800518655264e-06, 5.619677247327643e-06, 6.783031685413977e-06, 8.214841097797935e-06, 9.977868318402093e-06, 1.2149546934249028e-05, 1.4825253108294975e-05, 1.8122242649884845e-05, 2.2184362942660758e-05, 2.7187658420056123e-05, 3.3346994667014236e-05, 4.0923828303267705e-05, 5.0235245518076026e-05, 6.166437896714613e-05]}