{"OptimizeResult": "Optimization terminated successfully.", "params": [1.3516961249957438, 2.420034404619174, 8.044501898512499, 5.521278980855463], "prior": [3.681892933906115e-05, 4.8197883000677526e-05, 6.297809670158728e-05, 8.210367590492607e-05, 0.00010674934579534972, 0.0001383645912886861, 0.00017872179941027033, 0.00022996707545690004, 0.00029467163851786145, 0.000375880786221665, 0.00047715637951058096, 0.0006026076888033321, 0.0007569043478684791, 0.0009452642008829943, 0.0011734081558151352, 0.0014474739565478972, 0.0017738812564345738, 0.0021591417128120354, 0.0026096101894792856, 0.0031311766511816245, 0.003728902957812749, 0.004406614376999365, 0.005166461929927296, 0.006008478191355758, 0.006930155243950048, 0.007926078380573773, 0.008987652044153357, 0.010102954623523753, 0.011256755471150804, 0.01243072053345758, 0.013603822321247933, 0.014752956076133562, 0.01585374785083822, 0.016881523173275903, 0.01781238866162201, 0.018624365177942817, 0.019298501534346084, 0.019819893757638075, 0.02017853730674911, 0.020369948575773573, 0.020395506919846054, 0.020262488027103127, 0.01998378188296632, 0.019577311648999122, 0.019065191256041288, 0.018472677351607663, 0.01782698386626732, 0.017156033931760347, 0.016487223973753816, 0.015846268993424693, 0.015256187410777127, 0.014736469839458536, 0.014302460453111709, 0.013964963805844685, 0.013730075476964412, 0.01359922275489807, 0.013569392362060523, 0.013633516129897019, 0.013780982372415108, 0.013998240019160857, 0.014269463745139122, 0.01457725073018776, 0.014903322709956365, 0.015229210190567001, 0.015536898798110243, 0.015809420595307027, 0.016031375832068855, 0.016189373109847013, 0.01627237847997456, 0.016271966705081083, 0.01618247088396647, 0.016001029894163694, 0.015727536579398106, 0.015364493160491035, 0.014916783779063863, 0.014391377164723175, 0.013796974921085546, 0.013143622659375253, 0.012442302033560199, 0.01170452158594669, 0.010941923216271684, 0.010165919138369455, 0.009387371550389658, 0.008616324128657428, 0.007861791097790638, 0.007131606268314262, 0.006432331285530885, 0.005769219580470079, 0.005146230287177617, 0.004566084767855288, 0.0040303573918220575, 0.00353959182066063, 0.003093434195402566, 0.0026907752090980027, 0.0023298939703090362, 0.0020085977058553204, 0.0017243526054406375, 0.001474402380068288, 0.0012558723114406939, 0.0010658576519204522, 0.0009014961555403992, 0.0007600252603022985, 0.0006388249970888506, 0.000535448080198971, 0.0004476388572071568, 0.00037334288559700787, 0.0003107088870486272, 0.00025808473405915613, 0.00021400897263725588, 0.00017719920099473554, 0.00014653842560916807, 0.00012106031697130163, 9.993409818817213e-05, 8.24496273937443e-05, 6.800308372107684e-05, 5.608353817145952e-05, 4.62605850618329e-05, 3.817312557463798e-05, 3.151933020333134e-05, 2.6047759074134014e-05, 2.1549585567499695e-05, 1.7851846748237775e-05, 1.4811631414721689e-05, 1.2311110936599755e-05, 1.0253317614568726e-05, 8.55857852578506e-06, 7.1615184734193765e-06, 6.008552768038309e-06, 5.055798396545808e-06, 4.267340143925015e-06, 3.6137960481631416e-06, 3.0711339417424264e-06, 2.6196976147761364e-06, 2.2434072496688476e-06, 1.9291042025050778e-06, 1.6660149562021538e-06, 1.4453131825732364e-06, 1.2597623767427324e-06, 1.1034245268187028e-06, 9.714228154213057e-07, 8.597484773794447e-07, 7.651037160306346e-07, 6.847740608840408e-07, 6.16524778601484e-07, 5.585169687992542e-07, 5.092398226418001e-07, 4.6745622772005107e-07, 4.321594956145042e-07, 4.0253949409986123e-07, 3.779569071678143e-07, 3.5792474459253387e-07, 3.420965999602469e-07, 3.3026153404660306e-07, 3.223458633934219e-07, 3.1842258985311103e-07, 3.187297492953023e-07, 3.236996281304505e-07, 3.340016471760693e-07, 3.5060281045537064e-07, 3.748510473023212e-07, 4.0858864915626075e-07, 4.543054573417818e-07, 5.153446719471639e-07, 5.961783469186693e-07, 7.027750886382876e-07, 8.430895223309294e-07, 1.0277121389690992e-06, 1.2707296631920483e-06, 1.5908606378167269e-06, 2.0129491074482255e-06, 2.5699217366454974e-06, 3.3053410314092438e-06, 4.276720061586834e-06, 5.559802502955232e-06, 7.254055840473851e-06, 9.489674490875482e-06, 1.2436441792345528e-05, 1.6314852371451466e-05, 2.140994472699697e-05, 2.8088331191369278e-05]}