{"OptimizeResult": "Optimization terminated successfully.", "params": [1.9273970701617662, 5.008006838803739], "prior": [3.525039860985796e-05, 4.1567700374164206e-05, 4.911179106526055e-05, 5.812528686637995e-05, 6.889772007780178e-05, 8.177396099586695e-05, 9.71639146983008e-05, 0.00011555360970660798, 0.00013751778146484862, 0.00016373402923730435, 0.0001949985876935615, 0.00023224370117629566, 0.0002765565163577927, 0.0003291993146526157, 0.0003916307866280579, 0.0004655279046338625, 0.0005528077759036184, 0.0006556486569657946, 0.0007765090839790721, 0.0009181438279598585, 0.00108361512754597, 0.001276297397591829, 0.0014998733764698402, 0.001758319479858449, 0.002055877999657204, 0.0023970137526485528, 0.002786352876058409, 0.003228601718030648, 0.003728444209742297, 0.00429041675646183, 0.0049187605620576004, 0.0056172524067924475, 0.006389016215980642, 0.007236319250891413, 0.008160358363819162, 0.00916104340339548, 0.010236786428478957, 0.011384306765308614, 0.012598462987204783, 0.013872123470677513, 0.015196087157393505, 0.016559065421713686, 0.017947734438497284, 0.019346865144853415, 0.020739534831319465, 0.022107420687085984, 0.02343117143133024, 0.024690848720100755, 0.02586642560531462, 0.026938325248359207, 0.027887979669858783, 0.02869838584181951, 0.029354635141469767, 0.029844392255677133, 0.0301583011240087, 0.030290298403488854, 0.030237819085591023, 0.03000188405109907, 0.0295870651826965, 0.029001329782772877, 0.02825577205435731, 0.02736424489563811, 0.026342909876364916, 0.025209726723836597, 0.023983905758431606, 0.02268534740236234, 0.021334092168472325, 0.019949802547560937, 0.018551295166326417, 0.017156137757938054, 0.015780321181785854, 0.014438012262641088, 0.013141388887376721, 0.01190055485389927, 0.010723528610279094, 0.009616297385717246, 0.008582926365656777, 0.007625711504957857, 0.0067453642554405405, 0.005941216814954681, 0.005211437363571866, 0.004553246002703373, 0.003963123616739162, 0.0034370075040727997, 0.0029704692609875023, 0.0025588719547417742, 0.002197505021692813, 0.001881696526370116, 0.0016069033938162734, 0.0013687809747767064, 0.0011632338309813747, 0.000986449956323572, 0.0008349208067789294, 0.0007054495285817283, 0.0005951496823445223, 0.0005014365908071643, 0.00042201321700434364, 0.0003548522311217833, 0.00029817566704307895, 0.0002504333180437195, 0.00021028078563832287, 0.00017655788299480792, 0.00014826790834144142, 0.00012455814575991776, 0.0001047018202312794, 8.808162907187174e-05, 7.417489045182072e-05, 6.254028858737488e-05, 5.2806151356847136e-05, 4.4660166490122425e-05, 3.7840424313221796e-05, 3.2127665774398956e-05, 2.733861195341384e-05, 2.3320253621865436e-05, 1.994498517198135e-05, 1.7106475160293966e-05, 1.4716174886136717e-05, 1.270037613793289e-05, 1.0997738979551388e-05, 9.55721985674433e-06, 8.336339145041209e-06, 7.2997353953656255e-06, 6.417960892946612e-06, 5.666479711147951e-06, 5.024835232772169e-06, 4.475959168948756e-06, 4.00559848591647e-06, 3.6018404162753527e-06, 3.254718949463152e-06, 2.955888931153159e-06, 2.6983562145874716e-06, 2.476254255557017e-06, 2.2846591785207362e-06, 2.119436710369247e-06, 1.9771155212528393e-06, 1.854782464175856e-06, 1.7499959973720179e-06, 1.660714732142194e-06, 1.5852385963269938e-06, 1.5221605589999752e-06, 1.4703272414847239e-06, 1.428807057113768e-06, 1.3968647888468516e-06, 1.373941739784146e-06, 1.359640785134356e-06, 1.3537158225500548e-06, 1.356065267223753e-06, 1.366729374352855e-06, 1.385891299639489e-06, 1.413881933197512e-06, 1.4511886682721948e-06, 1.4984683982674662e-06, 1.5565651786765984e-06, 1.6265331499922403e-06, 1.709665499504818e-06, 1.8075304508801803e-06, 1.922015518389957e-06, 2.055381556825415e-06, 2.210328489247218e-06, 2.3900750155490547e-06, 2.59845511040004e-06, 2.840034727264091e-06, 3.1202528568310826e-06, 3.4455919679350213e-06, 3.823783915609689e-06, 4.264058667680968e-06, 4.777444716599033e-06, 5.3771318508320674e-06, 6.078909109392104e-06, 6.901693288713655e-06, 7.86816637290666e-06, 9.005543780024208e-06, 1.0346499424184932e-05, 1.1930278351145814e-05, 1.3804033173174101e-05, 1.6024426756712516e-05, 1.865955063300756e-05, 2.179121640707129e-05, 2.5517685989313297e-05, 2.9956915660121973e-05]}