{"OptimizeResult": "Optimization terminated successfully.", "params": [0.29850784124586066, 2.551253721299465, 1.7132560502042704, 4.42218893377204, 6.54882323693762], "prior": [1.6412232240522604e-05, 2.0171670910817384e-05, 2.4881721110046006e-05, 3.0782902909805534e-05, 3.817437380437122e-05, 4.7427015120846075e-05, 5.899895898082325e-05, 7.345383640987753e-05, 9.148199519980503e-05, 0.0001139248738322257, 0.0001418026162282367, 0.00017634486164400294, 0.00021902443495320844, 0.0002715933859829844, 0.0003361204758280163, 0.00041502878037000593, 0.0005111315797147968, 0.0006276641382827683, 0.000768308375781535, 0.000937206818912345, 0.001138961656361924, 0.0013786142591617077, 0.0016616002523508193, 0.001993675220147458, 0.0023808064885343806, 0.0028290272458298036, 0.0033442506083993678, 0.003932043162288361, 0.004597360017097539, 0.0053442464445425395, 0.006175514621716435, 0.0070924076645449245, 0.008094266752799976, 0.00917822038280735, 0.010338917262643769, 0.011568325699948876, 0.012855622165558443, 0.014187189762888108, 0.015546743431576561, 0.016915592867165173, 0.018273046544178034, 0.019596951291967805, 0.020864352189840393, 0.0220522478760302, 0.023138407554531056, 0.024102208897640136, 0.02492545146249794, 0.025593098774556435, 0.026093904231569195, 0.0264208814870996, 0.026571588684630203, 0.026548207212342693, 0.026357408646771423, 0.02601001718215198, 0.02552048796174814, 0.024906233246222525, 0.024186837341911765, 0.023383206992513172, 0.022516706150720194, 0.0216083226706371, 0.02067790980015157, 0.0197435379812447, 0.01882098315875646, 0.01792336743286813, 0.01706095735669562, 0.016241115292024606, 0.015468390664298398, 0.014744731185449013, 0.014069789415468438, 0.0134412974828506, 0.012855482272732366, 0.012307494670156563, 0.011791829167356164, 0.011302713909626973, 0.010834455655720047, 0.01038172878190497, 0.00993980202995285, 0.009504700919691238, 0.00907330741999754, 0.008643401473050396, 0.008213651235623553, 0.007783560434259287, 0.007353382068880747, 0.0069240079152218595, 0.00649684296558596, 0.006073673217051129, 0.005656534177105928, 0.005247586216501951, 0.0048490015572609695, 0.004462866327676016, 0.004091099818751316, 0.003735391895032504, 0.003397158488322969, 0.003077514260984449, 0.0027772608777448266, 0.0024968888700949545, 0.0022365908041115587, 0.0019962833517200335, 0.0017756358924737982, 0.0015741034103474412, 0.0013909616694440428, 0.0012253429264946526, 0.0010762707415627527, 0.0009426927598391199, 0.0008235106391985559, 0.0007176065768844562, 0.0006238661350131828, 0.0005411972730636479, 0.00046854566393860397, 0.0004049064990335866, 0.0003493330795462946, 0.00030094254993920453, 0.00025891915981727197, 0.0002225154476528451, 0.00019105172891164862, 0.00016391424702519734, 0.0001405523126257735, 0.00012047471819624813, 0.00010324567480557659, 8.848047725629375e-05, 7.58410655009284e-05, 6.503161478141269e-05, 5.579425533776172e-05, 4.7904995072616415e-05, 4.116989530911611e-05, 3.542153059044961e-05, 3.0515748044278987e-05, 2.632872978870669e-05, 2.2754352758751916e-05, 1.9701833743202766e-05, 1.709364291522631e-05, 1.4863666320875682e-05, 1.2955596302871818e-05, 1.1321528373323815e-05, 9.920743345312125e-06, 8.718654371056666e-06, 7.68589973652965e-06, 6.797563688456928e-06, 6.0325091112329e-06, 5.372807446959583e-06, 4.8032528025940385e-06, 4.310948673176308e-06, 3.884957102800858e-06, 3.5160013900259066e-06, 3.1962146148586096e-06, 2.9189273196103654e-06, 2.678488619538376e-06, 2.470115858114177e-06, 2.289768664860503e-06, 2.1340439311362012e-06, 2.0000888019563752e-06, 1.8855293013000268e-06, 1.7884126760803078e-06, 1.7071619720450957e-06, 1.6405417557898815e-06, 1.5876342839410218e-06, 1.547825807601183e-06, 1.520803103077272e-06, 1.5065607566365184e-06, 1.50542022239238e-06, 1.51806224311461e-06, 1.5455749034954253e-06, 1.5895204102462432e-06, 1.652024707348618e-06, 1.735895291628107e-06, 1.8447741592437425e-06, 1.983334767608232e-06, 2.1575343363524336e-06, 2.374935851242991e-06, 2.645117914267271e-06, 2.980195263028912e-06, 3.3954785496650987e-06, 3.9103090346578e-06, 4.54911244662572e-06, 5.342726632800681e-06, 6.33007002678627e-06, 7.560232624709554e-06, 9.095088277726663e-06, 1.1012546782309575e-05, 1.3410586442747752e-05]}