{"OptimizeResult": "Optimization terminated successfully.", "params": [6.933111179216075, -0.4755138577135411, 1.0786787334051038], "prior": [0.003354684766826837, 0.0036582004328598273, 0.003970959822329121, 0.004291439202927689, 0.004618077231327727, 0.004949282559888413, 0.00528344158954164, 0.005618926331084487, 0.005954102336578965, 0.006287336662218078, 0.006617005823863912, 0.006941503706499156, 0.007259249389058023, 0.007568694846514772, 0.00786833249170602, 0.008156702520143869, 0.008432400022036624, 0.008694081826868075, 0.008940473047189248, 0.009170373289741901, 0.009382662503653806, 0.00957630643721402, 0.00975036167664326, 0.009903980242310996, 0.010036413720006984, 0.010147016907140049, 0.010235250956100277, 0.010300685999470387, 0.01034300324429659, 0.010361996525215803, 0.010357573308872589, 0.010329755144732352, 0.010278677560094509, 0.010204589399817117, 0.010107851613969732, 0.009988935499320948, 0.009848420403227937, 0.00968699090111433, 0.009505433461287589, 0.00930463261334446, 0.009085566638831694, 0.008849302805156679, 0.00859699216596792, 0.008329863953337374, 0.008049219589065336, 0.007756426344284277, 0.007452910678251286, 0.0071401512887819905, 0.006819671908183423, 0.006493033879783386, 0.0061618285512227014, 0.005827669521569472, 0.0054921847800266255, 0.005157008774532147, 0.004823774448893035, 0.004494105287247201, 0.0041696074046119564, 0.003851861722053089, 0.0035424162645963414, 0.003242778619405092, 0.002954408590967243, 0.00267871108907449, 0.0024170292842430378, 0.0021706380639218625, 0.001940737821369211, 0.0017284486074573102, 0.0015348046738970953, 0.0013607494344678552, 0.0012071308688001174, 0.001074697391104131, 0.0009640942039710647, 0.0008758601550108366, 0.000810425111640726, 0.0007681078668145246, 0.0007491145858953105, 0.0007535378022385237, 0.0007813559663787607, 0.0008324335510166033, 0.0009065217112939957, 0.0010032594971413826, 0.001122175611790164, 0.0012626907078831765, 0.001424120209996784, 0.0016056776498235244, 0.00180647849776665, 0.002025544472279418, 0.0022618083059544342, 0.0025141189451431917, 0.0027812471577737387, 0.003061891522045774, 0.003354684766826837, 0.0036582004328598273, 0.003970959822329122, 0.004291439202927686, 0.004618077231327724, 0.004949282559888411, 0.005283441589541638, 0.005618926331084485, 0.005954102336578964, 0.006287336662218078, 0.006617005823863913, 0.006941503706499157, 0.00725924938905802, 0.00756869484651477, 0.007868332491706018, 0.008156702520143869, 0.00843240002203662, 0.008694081826868073, 0.008940473047189248, 0.009170373289741901, 0.009382662503653806, 0.009576306437214018, 0.00975036167664326, 0.009903980242310996, 0.010036413720006982, 0.01014701690714005, 0.010235250956100277, 0.010300685999470387, 0.01034300324429659, 0.010361996525215803, 0.010357573308872589, 0.010329755144732352, 0.010278677560094509, 0.010204589399817117, 0.010107851613969729, 0.009988935499320948, 0.009848420403227937, 0.009686990901114328, 0.009505433461287589, 0.009304632613344464, 0.009085566638831692, 0.008849302805156679, 0.00859699216596792, 0.008329863953337376, 0.008049219589065345, 0.0077564263442842785, 0.007452910678251291, 0.007140151288781992, 0.006819671908183429, 0.0064930338797833855, 0.006161828551222704, 0.005827669521569472, 0.005492184780026629, 0.005157008774532155, 0.004823774448893036, 0.004494105287247206, 0.004169607404611958, 0.003851861722053094, 0.0035424162645963414, 0.0032427786194050953, 0.0029544085909672425, 0.002678711089074493, 0.0024170292842430434, 0.0021706380639218647, 0.0019407378213692158, 0.0017284486074573085, 0.001534804673897096, 0.0013607494344678535, 0.001207130868800118, 0.0010746973911041297, 0.0009640942039710647, 0.0008758601550108378, 0.000810425111640726, 0.0007681078668145252, 0.0007491145858953105, 0.0007535378022385237, 0.0007813559663787614, 0.0008324335510166033, 0.0009065217112939962, 0.0010032594971413826, 0.0011221756117901615, 0.0012626907078831758, 0.0014241202099967809, 0.0016056776498235244, 0.00180647849776665, 0.0020255444722794198, 0.0022618083059544342, 0.0025141189451431934, 0.0027812471577737374, 0.003061891522045769]}