{"OptimizeResult": "Optimization terminated successfully.", "params": [8.462707797450333, -1.1194260008518013, 0.028349224425423925], "prior": [0.000573082723021404, 0.0006604087752616892, 0.0007536988098142052, 0.0008528391671420789, 0.0009577090599913064, 0.0010681807205514208, 0.0011841195561208835, 0.0013053843130875619, 0.0014318272490244947, 0.0015632943126912872, 0.0016996253317218069, 0.0018406542077695506, 0.001986209118872885, 0.0021361127287936486, 0.002290182403074033, 0.0024482304315485413, 0.0026100642570399094, 0.0027754867099603663, 0.0029442962485324038, 0.0031162872043363874, 0.0032912500328858476, 0.0034689715689251526, 0.0036492352861385424, 0.0038318215609540905, 0.004016507940121194, 0.004203069411735592, 0.004391278679381716, 0.004580906439058353, 0.004771721658550256, 0.004963491858905302, 0.0051559833976742965, 0.005348961753568296, 0.005542191812186682, 0.005735438152467835, 0.0059284653335134425, 0.0061210381814369545, 0.0063129220758867495, 0.006503883235894892, 0.006693689004703222, 0.006882108133219784, 0.00706891106176022, 0.007253870199730892, 0.0074367602029129535, 0.007617358248009571, 0.0077954443041217914, 0.007970801400822295, 0.008143215892500444, 0.008312477718656543, 0.008478380659828208, 0.008640722588837009, 0.008799305717049307, 0.008953936835351235, 0.009104427549544237, 0.009250594509874387, 0.009392259634415817, 0.009529250326036114, 0.009661399682679336, 0.009788546700710462, 0.009910536471073518, 0.010027220368024399, 0.010138456230208447, 0.010244108533862161, 0.010344048557928032, 0.010438154540881312, 0.010526311829077687, 0.010608413016441085, 0.010684358075321422, 0.010754054478362883, 0.010817417311234279, 0.010874369376084048, 0.010924841285593965, 0.010968771547516895, 0.011006106639595621, 0.011036801074771474, 0.01106081745660331, 0.011078126524829306, 0.011088707191016086, 0.011092546564251729, 0.011089639966851356, 0.011079990940056175, 0.011063611239719013, 0.011040520821981637, 0.011010747818961247, 0.01097432850447585, 0.010931307249850176, 0.010881736469856075, 0.010825676558853173, 0.010763195817207662, 0.010694370368078816, 0.010619284064674649, 0.010538028388089702, 0.010450702335849419, 0.010357412301296902, 0.01025827194396903, 0.010153402051119802, 0.010042930390559689, 0.009926991554990225, 0.009805726798023547, 0.009679283862086612, 0.009547816798419822, 0.0094114857793893, 0.009270456903341558, 0.009124901992238225, 0.008974998382317459, 0.008820928708037076, 0.008662880679562565, 0.008501046854071199, 0.00833562440115074, 0.008166814862578706, 0.007994823906774718, 0.00781986107822526, 0.007642139542185958, 0.007461875824972566, 0.0072792895501570185, 0.007094603170989914, 0.006908041699375512, 0.00671983243172939, 0.006530204672052756, 0.006339389452560852, 0.006147619252205807, 0.00595512771343681, 0.0057621493575428125, 0.005568919298924424, 0.005375672958643272, 0.005182645777597663, 0.004990072929674153, 0.004798189035224358, 0.004607227875216213, 0.004417422106407887, 0.004229002977891327, 0.004042200049350886, 0.003857240911380217, 0.0036743509081981532, 0.0034937528631015383, 0.00331566680698932, 0.003140309710288814, 0.0029678952186106672, 0.002798633392454566, 0.0026327304512829023, 0.002470388522274099, 0.002311805394061802, 0.002157174275759873, 0.002006683561566873, 0.0018605166012367242, 0.0017188514766952906, 0.001581860785074996, 0.0014497114284317714, 0.001322564410400647, 0.0012005746400375902, 0.0010838907430867112, 0.0009726548809026621, 0.0008670025772489481, 0.0007670625531830796, 0.0006729565702297978, 0.0005847992820334209, 0.0005026980946700212, 0.0004267530357896878, 0.000357056632748223, 0.0002936937998768287, 0.0002367417350270574, 0.00018626982551714054, 0.00014233956359421273, 0.00010500447151548669, 7.431003633963327e-05, 5.029365450779673e-05, 3.298458628180057e-05, 2.240392009502003e-05, 1.856454685937731e-05, 2.1471144259750607e-05, 3.1120171054932006e-05, 4.7499871392092645e-05, 7.059028912947156e-05, 0.00010036329214985925, 0.00013678260663525741, 0.000179803861260929, 0.00022937464125503108, 0.0002854345522579321, 0.0003479152939034445, 0.0004167407430322907, 0.0004918270464364559]}