{"OptimizeResult": "Optimization terminated successfully.", "params": [-1.0754624695568367, -0.027601692895541114, 0.1238135941400138, 7.775575352182668], "prior": [0.02196141768133061, 0.021719002966095458, 0.02130452438390604, 0.0207296605230946, 0.020010395326009556, 0.01916623986351251, 0.01821931167421819, 0.017193334034868245, 0.016112619762567042, 0.015001100948433516, 0.013881458061720142, 0.012774390264013918, 0.011698054932404162, 0.010667689796570705, 0.009695417147343243, 0.008790217437599881, 0.00795805009962796, 0.007202092995808193, 0.006523068679595407, 0.005919625328939874, 0.005388742342854326, 0.004926134537342785, 0.004526633961719999, 0.004184533932480835, 0.003893885391641727, 0.0036487407097168024, 0.0034433442821257465, 0.003272272561241368, 0.0031305284927964586, 0.0030135967455094874, 0.0029174667596247954, 0.002838630650851141, 0.0027740625582252415, 0.0027211852766969055, 0.0026778291061495454, 0.002642186889460677, 0.002612768285433287, 0.002588355482940059, 0.0025679618416790087, 0.00255079435491459, 0.0025362203689835985, 0.002523738652484045, 0.002512954668974316, 0.0025035597525345124, 0.0024953137975448456, 0.002488031035833428, 0.002481568471506649, 0.002475816564441246, 0.0024706917882890717, 0.002466130730960137, 0.002462085449947299, 0.0024585198382088974, 0.0024554067965750956, 0.0024527260446744127, 0.002450462433742468, 0.0024486046513769216, 0.002447144230621109, 0.0024460747941284808, 0.0024453914790820482, 0.0024450905005282773, 0.002445168820317028, 0.0024456238963555055, 0.0024464534927666945, 0.0024476555361163115, 0.0024492280064077215, 0.002451168854263542, 0.0024534759377949876, 0.0024561469742487366, 0.0024591795027292538, 0.0024625708552109254, 0.0024663181337479115, 0.0024704181923136757, 0.002474867622097658, 0.0024796627393847896, 0.002484799575368427, 0.002490273867416834, 0.0024960810514413055, 0.0025022162551106854, 0.0025086742917301945, 0.002515449654657982, 0.002522536512175014, 0.002529928702756119, 0.0025376197307147045, 0.0025456027622126087, 0.002553870621641233, 0.002562415788391492, 0.002571230394038945, 0.002580306219977469, 0.0025896346955402434, 0.0025992068966511125, 0.0026090135450528035, 0.0026190450081611406, 0.0026292912995965786, 0.0026397420804461385, 0.002650386661310382, 0.0026612140051914656, 0.0026722127312798147, 0.002683371119698698, 0.0026946771172681816, 0.002706118344352985, 0.002717682102862921, 0.002729355385480575, 0.0027411248861991585, 0.0027529770122652016, 0.002764897897636996, 0.002776873418092196, 0.0027888892081489496, 0.002800930680007226, 0.002812983044774623, 0.00282503133631904, 0.002837060438196115, 0.0028490551142415182, 0.0028610000436091803, 0.0028728798612925313, 0.0028846792055081103, 0.002896382773777449, 0.0029079753901506598, 0.0029194420868214636, 0.002930768204450448, 0.002941939516921256, 0.0029529423881053335, 0.002963763970634956, 0.002974392459844904, 0.0029848174201437348, 0.0029950302063658195, 0.0030050245094370193, 0.003014797064317997, 0.0030243485690845434, 0.003033684877629929, 0.003042818545332982, 0.0030517708276382597, 0.0030605742563126516, 0.003069275947533547, 0.0030779418300635377, 0.0030866620203400716, 0.003095557613550785, 0.003104789204049157, 0.0031145674920364324, 0.0031251663720630414, 0.0031369389265053236, 0.003150336755464922, 0.003165933052747504, 0.0031844497723334166, 0.0032067891052479634, 0.0032340692853096344, 0.00326766444551182, 0.0033092478375739043, 0.003360837192149657, 0.003424840330432102, 0.0035040983454164786, 0.0036019227756203965, 0.003722122240112242, 0.0038690130618155736, 0.004047407575446488, 0.004262573224685756, 0.004520155351803031, 0.004826056937632593, 0.005186269624636558, 0.005606652291412675, 0.006092656333723968, 0.006649000655383792, 0.007279304084130678, 0.00798568827390008, 0.008768369764375837, 0.009625265233889423, 0.01055163848637199, 0.01153982068312242, 0.012579036106884017, 0.013655363775122952, 0.014751860148012198, 0.015848859940051183, 0.0169244609327702, 0.01795518537219761, 0.018916796051736715, 0.019785230845411526, 0.02053760673961584, 0.021153234771903423, 0.02161458198150305, 0.021908116388053615, 0.022024976501303514]}