{"OptimizeResult": "Optimization terminated successfully.", "params": [0.4470448004079882, -1.8372849197183334, 1.1778347582504054], "prior": [0.007308317473557513, 0.007351808156844987, 0.007391905603944274, 0.007428053167928781, 0.0074597177115128845, 0.007486394434530008, 0.007507611448270139, 0.007522934040347674, 0.007531968576449081, 0.007534365989103976, 0.0075298248084949585, 0.007518093696199582, 0.007498973449539846, 0.00747231845176858, 0.0074380375514913185, 0.0073960943633288555, 0.007346506990677079, 0.0072893471803145825, 0.007224738927340482, 0.007152856557293491, 0.007073922320117814, 0.00698820353772655, 0.00689600935311534, 0.006797687134169604, 0.006693618589389228, 0.006584215655657159, 0.006469916219868935, 0.006351179736716431, 0.006228482804211705, 0.006102314756704911, 0.005973173332280956, 0.005841560467621446, 0.005707978268820274, 0.005572925201383651, 0.0054368925368797946, 0.005300361087583658, 0.005163798254141977, 0.0050276554049116145, 0.0048923655993392, 0.004758341661679022, 0.004625974605600816, 0.00449563240491435, 0.004367659100809658, 0.0042423742317384576, 0.004120072568382086, 0.00400102413308547, 0.0038854744806887816, 0.0037736452158473486, 0.003665734720671161, 0.00356191906580166, 0.0034623530778304656, 0.0033671715361994945, 0.0032764904733483136, 0.00319040855283234, 0.0031090085013649646, 0.0030323585721780673, 0.0029605140186922396, 0.0028935185591868885, 0.0028314058149129834, 0.0027742007058541946, 0.0027219207900783834, 0.0026745775342997226, 0.0026321775048671896, 0.002594723469889131, 0.002562215404583288, 0.0025346513931999363, 0.002512028422000807, 0.002494343058791056, 0.0024815920154029, 0.002473772590328426, 0.0024708829894095506, 0.002472922523131631, 0.002479891679652497, 0.0024917920732504643, 0.0025086262684144247, 0.002530397480347308, 0.0025571091532321758, 0.0025887644182382655, 0.002625365433941046, 0.0026669126126129383, 0.00271340373672417, 0.0027648329709877018, 0.0028211897763960347, 0.002882457733934741, 0.0029486132870166683, 0.0030196244131557707, 0.003095449236978607, 0.003176034598337242, 0.0032613145910154904, 0.0033512090892813683, 0.00344562228129584, 0.0035444412300995416, 0.003647534484517036, 0.003754750763790589, 0.003865917741025414, 0.003980840951537486, 0.004099302852882577, 0.004221062063651929, 0.004345852807987883, 0.004473384592148969, 0.004603342138291727, 0.004735385598897845, 0.004869151072933223, 0.005004251441866457, 0.005140277540099083, 0.0052767996701865135, 0.0054133694684927, 0.005549522121677532, 0.005684778928736926, 0.005818650197293195, 0.005950638456576492, 0.006080241963171288, 0.006206958469262381, 0.006330289216949701, 0.006449743116363274, 0.006564841059953989, 0.006675120320613045, 0.0067801389773277584, 0.006879480309043067, 0.006972757095380842, 0.007059615761962421, 0.0071397403083490706, 0.007212855958095342, 0.007278732473105617, 0.00733718707836506, 0.0073880869481219875, 0.007431351210634329, 0.007466952435536188, 0.0074949175755811065, 0.00751532834280502, 0.007528321007835264, 0.007534085619952599, 0.007532864654386484, 0.0075249511019867725, 0.007510686024672814, 0.007490455607732873, 0.007464687746972065, 0.007433848214749147, 0.007398436453993685, 0.0073589810532788255, 0.007316034958897034, 0.007270170481636561, 0.007221974156606649, 0.007172041514062523, 0.007120971817816571, 0.0070693628255939535, 0.007017805622721977, 0.0069668795769697745, 0.006917147458323631, 0.00686915076314257, 0.006823405277634325, 0.006780396911063356, 0.006740577824675962, 0.006704362878114645, 0.006672126411185629, 0.006644199375310203, 0.006620866825878769, 0.006602365784059173, 0.006588883474387112, 0.006580555942663257, 0.006577467057254981, 0.006579647895788991, 0.006587076518347769, 0.006599678127560623, 0.006617325615314665, 0.006639840495105538, 0.006666994218206964, 0.006698509870773356, 0.0067340642476223294, 0.006773290296709301, 0.006815779926157311, 0.00686108716311531, 0.006908731650681747, 0.006958202465667346, 0.007008962236122851, 0.0070604515333912475, 0.007112093509046858, 0.007163298742564065, 0.007213470261040229, 0.007262008687918056]}