{"OptimizeResult": "Optimization terminated successfully.", "params": [0.3463175011335921, 0.019825973900500386, -0.5710021305248362, 8.480163111344194, 0.19253296469336068], "prior": [0.01803259288990554, 0.018026529178093918, 0.017877675986921505, 0.01759028837468962, 0.017172926678520533, 0.016637993821078723, 0.01600107801497004, 0.01528015101212834, 0.014494681069079278, 0.013664723093953552, 0.012810046003321288, 0.011949349791272702, 0.011099613365763476, 0.010275600335956146, 0.009489535251843116, 0.00875094882185351, 0.00806667861661148, 0.0074410025775198075, 0.006875876728144547, 0.006371245861177293, 0.005925396322759134, 0.005535322768735218, 0.005197085216324879, 0.004906138121930421, 0.004657618902044465, 0.0044465887208916454, 0.004268223091334822, 0.004117953632002233, 0.0039915650987295105, 0.003885253587815101, 0.0037956527040067826, 0.0037198346607328673, 0.0036552929175575916, 0.003599912240077083, 0.0035519311498347444, 0.0035099007456608814, 0.0034726429191237903, 0.0034392101194222107, 0.0034088480830762246, 0.0033809623450376473, 0.0033550888880844974, 0.0033308689538417134, 0.003308027812970135, 0.0032863571533396627, 0.003265700673111035, 0.0032459424423520867, 0.0032269976066850157, 0.003208805037152989, 0.003191321572614302, 0.0031745175477425488, 0.003158373346526799, 0.003142876765132577, 0.0031280210074898103, 0.003113803171316119, 0.003100223111371875, 0.0030872825908659115, 0.003074984651585546, 0.0030633331491013594, 0.0030523324118991867, 0.003041986993088833, 0.0030323014909420117, 0.0030232804203622447, 0.003014928121857563, 0.003007248697977171, 0.0030002459697311555, 0.0029939234474328615, 0.0029882843118393915, 0.0029833314025355293, 0.0029790672113012033, 0.0029754938787918046, 0.0029726131932968874, 0.0029704265906653577, 0.002968935154723901, 0.0029681396176920857, 0.0029680403602286042, 0.0029686374108406645, 0.0029699304444614424, 0.0029719187800554153, 0.002974601377153046, 0.002977976831248326, 0.002982043368017637, 0.0029867988363382163, 0.0029922407001005823, 0.0029983660288226324, 0.003005171487084563, 0.0030126533228137255, 0.0030208073544576008, 0.0030296289570913766, 0.003039113047514486, 0.003049254068398044, 0.003060045971552459, 0.0030714822003918194, 0.0030835556716788354, 0.0030962587566413843, 0.0031095832615589763, 0.003123520407924718, 0.0031380608122958064, 0.003153194465952973, 0.0031689107144968857, 0.0031851982375171693, 0.003202045028477537, 0.0032194383749685703, 0.0032373648394880407, 0.0032558102409174796, 0.003274759636873208, 0.003294197307120514, 0.0033141067382515413, 0.003334470609841478, 0.0033552707823145157, 0.0033764882867722244, 0.0033981033170640182, 0.0034200952244148298, 0.0034424425149721188, 0.0034651228506975677, 0.0034881130541143707, 0.003511389117537483, 0.0035349262175729656, 0.003558698735889371, 0.003582680287559958, 0.00360684375867783, 0.0036311613554948045, 0.0036556046680794297, 0.0036801447524969656, 0.0037047522368721724, 0.0037293974585187652, 0.003754050641755369, 0.003778682129265302, 0.00380326268413493, 0.0038277638853184003, 0.00385215864658691, 0.003876421898459926, 0.003900531484685978, 0.00392446934010494, 0.003948223035783171, 0.0039717878007631035, 0.003995169158126311, 0.004018386346659983, 0.004041476738213712, 0.004064501504234499, 0.004087552831504234, 0.00411076303408023, 0.004134315951510063, 0.004158461056101972, 0.004183530705367061, 0.004209960957776801, 0.004238316305688026, 0.004269318550786139, 0.004303879834643016, 0.004343139519260937, 0.004388504170787272, 0.004441689320154418, 0.004504760953230209, 0.004580173831467143, 0.004670802794673351, 0.004779962210216497, 0.00491140779919191, 0.005069314314722282, 0.005258222126290478, 0.005482945854762214, 0.005748438989973446, 0.0060596100740753995, 0.006421088669973007, 0.006836942994501013, 0.007310355703821011, 0.007843269652477345, 0.008436021125451084, 0.009086983525463183, 0.009792249119761641, 0.010545379477146897, 0.011337255939305856, 0.012156059274940343, 0.012987402199253763, 0.01381462967972355, 0.014619290274058965, 0.015381767970842812, 0.01608204933225506, 0.01670058666223139, 0.01721920605401931, 0.017622001034760994, 0.017896149344710132]}