{"OptimizeResult": "Optimization terminated successfully.", "params": [-0.5102644920404427, 0.46757145063947014], "prior": [0.007915963851967588, 0.00785117373613986, 0.007783121952995888, 0.007711984559557065, 0.0076379426669437095, 0.0075611815877021215, 0.0074818899856579765, 0.007400259034355698, 0.007316481589849088, 0.007230751383263154, 0.0071432622381573, 0.007054207317292736, 0.006963778402949622, 0.006872165214459126, 0.00677955476611971, 0.006686130768162566, 0.006592073072925108, 0.006497557167890195, 0.006402753716758224, 0.00630782814924508, 0.006212940299845719, 0.0061182440953753536, 0.006023887290701319, 0.005930011251711542, 0.005836750784232566, 0.005744234007312629, 0.00565258226902464, 0.005561910102720028, 0.005472325221477676, 0.00538392854834136, 0.005296814279823465, 0.005211069980070686, 0.0051267767030370595, 0.005044009139988937, 0.004962835789673144, 0.004883319148510944, 0.004805515918234208, 0.004729477228453452, 0.004655248871737772, 0.00458287154889142, 0.004512381122228223, 0.004443808874771111, 0.004377181773436844, 0.00431252273440406, 0.004249850889003406, 0.004189181848610317, 0.0041305279671621726, 0.0040738986000604625, 0.00401930035835424, 0.003966737357232116, 0.003916211457975529, 0.0038677225026452966, 0.003821268540885726, 0.0037768460483355412, 0.0037344501362320524, 0.0036940747518843177, 0.003655712869772262, 0.0036193566731019086, 0.0035849977257121322, 0.0035526271342857132, 0.003522235700867374, 0.003493814065733928, 0.003467352840697242, 0.0034428427329495715, 0.003420274659583431, 0.003399639852934917, 0.0033809299569106813, 0.0033641371144649676, 0.003349254046394778, 0.0033362741216186294, 0.0033251914190980014, 0.00331600078155086, 0.0033086978610939086, 0.0033032791569350068, 0.0032997420452196974, 0.0032980848011166007, 0.00329830661320575, 0.003300407590212269, 0.0033043887601053932, 0.003310252061560161, 0.003318000327756431, 0.003327637262467633, 0.0033391674083701984, 0.0033525961074842257, 0.0033679294536371404, 0.003385174236825109, 0.0034043378793322974, 0.003425428363456017, 0.0034484541506768374, 0.003473424092107228, 0.0035003473300506617, 0.003529233190505811, 0.0035600910664578067, 0.0035929302918111315, 0.003627760005836727, 0.0036645890080300382, 0.0037034256033070413, 0.00374427743750253, 0.003787151323179074, 0.0038320530558067297, 0.003878987220432791, 0.003927956989027977, 0.003978963908770541, 0.00403200768161292, 0.004087085935566737, 0.0041441939882409734, 0.004203324603274934, 0.004264467740421512, 0.0043276103001571396, 0.004392735863821602, 0.004459824430423124, 0.004528852151380596, 0.0045997910646144195, 0.004672608829538887, 0.004747268464650668, 0.004823728089548262, 0.004901940673354137, 0.004981853791642824, 0.00506340939410217, 0.005146543585268894, 0.005231186420781168, 0.005317261721677444, 0.005404686909339733, 0.005493372863728212, 0.005583223807579821, 0.0056741372192438844, 0.005766003776800277, 0.005858707336048022, 0.005952124944862262, 0.006046126896293857, 0.006140576822626568, 0.006235331832411333, 0.0063302426922645805, 0.00642515405494814, 0.006519904734942358, 0.006614328032382768, 0.006708252105855893, 0.006801500394143601, 0.006893892086571501, 0.006985242641158029, 0.007075364349282651, 0.007164066945097848, 0.007251158257406781, 0.0073364449012221465, 0.007419733005718874, 0.007500828974800348, 0.007579540276022401, 0.007655676253168242, 0.007729048957348556, 0.007799473991121041, 0.007866771359789712, 0.007930766323763052, 0.007991290245627393, 0.008048181425433166, 0.008101285917601439, 0.008150458322840105, 0.008195562548515795, 0.008236472531060638, 0.00827307291420266, 0.00830525967709427, 0.008332940706772485, 0.008356036309814519, 0.008374479658548028, 0.008388217167731636, 0.008397208798231215, 0.008401428284873471, 0.008400863286352034, 0.008395515455783507, 0.008385400431252084, 0.0083705477464314, 0.008351000662121197, 0.008326815920273949, 0.008298063422802903, 0.008264825838148677, 0.008227198139227303, 0.008185287076980624, 0.008139210594292385, 0.008089097185514121, 0.008035085207258406, 0.007977322146459308]}