{"OptimizeResult": "Optimization terminated successfully.", "params": [2.0361678074088805, 2.129803502797877, 0.8539508098511517], "prior": [0.00887380588432224, 0.00879934022383466, 0.008720922511395508, 0.008638648286908066, 0.0085526177888415, 0.008462935832105719, 0.008369711680350563, 0.008273058912844864, 0.00817309528609761, 0.008069942590389775, 0.007963726501391629, 0.007854576427046279, 0.0077426253499060325, 0.007628009665113645, 0.007510869014225847, 0.007391346115081606, 0.0072695865879224405, 0.007145738777976577, 0.007019953574723142, 0.006892384228056571, 0.0067631861615752315, 0.0066325167832216895, 0.006500535293505396, 0.006367402491541381, 0.006233280579141302, 0.00609833296319552, 0.005962724056586978, 0.005826619077879429, 0.005690183850024064, 0.00555358459832979, 0.005416987747943288, 0.005280559721085631, 0.005144466734292413, 0.005008874595904526, 0.004873948504056227, 0.004739852845406662, 0.004606750994860046, 0.004474805116518495, 0.004344175966110071, 0.004215022695132662, 0.0040875026569524246, 0.003961771215092919, 0.0038379815539486104, 0.0037162844921532667, 0.0035968282988306905, 0.0034797585129516307, 0.003365217766016959, 0.0032533456082831703, 0.0031442783387418747, 0.003038148839060487, 0.00293508641168637, 0.0028352166223117293, 0.0027386611468911567, 0.0026455376233982223, 0.0025559595085017225, 0.0024700359393362054, 0.0023878716005351925, 0.0023095665966890626, 0.0022352163303830446, 0.0021649113859638497, 0.002098737419176605, 0.002036775052806524, 0.0019790997784524603, 0.0019257818645520162, 0.0018768862707702835, 0.0018324725688564996, 0.0017925948700650378, 0.0017573017592291882, 0.0017266362355680168, 0.0017006356602984427, 0.0016793317111163497, 0.001662750343602196, 0.0016509117595981339, 0.0016438303825951758, 0.001641514840160399, 0.0016439679534255784, 0.0016511867336500728, 0.001663162385862147, 0.001679880319574289, 0.0017013201665594696, 0.0017274558056666937, 0.001758255394645594, 0.0017936814089413158, 0.0018336906874123957, 0.0018782344849159749, 0.0019272585316962407, 0.0019807030995037675, 0.002038503074365188, 0.0021005880359145353, 0.0021668823431896154, 0.00223730522678887, 0.0023117708872764497, 0.0023901885997156033, 0.0024724628242030447, 0.002558493322269611, 0.0026481752790053895, 0.0027413994307605473, 0.002838052198266248, 0.002938015825013501, 0.0030411685207213327, 0.0031473846097194815, 0.0032565346840648345, 0.0033684857612050786, 0.003483101445997463, 0.0036002420968852616, 0.003719764996029503, 0.00384152452318867, 0.003965372333134533, 0.004091157536387968, 0.004218726883054538, 0.004347924949535882, 0.004478594327889421, 0.004610575817605713, 0.0047437086195697255, 0.004877830531969808, 0.005012778147915591, 0.005148387054524131, 0.005284492033231678, 0.005420927261087046, 0.00555752651278132, 0.005694123363167821, 0.005830551390025479, 0.005966644376818697, 0.006102236515206583, 0.006237162607054884, 0.006371258265704447, 0.006504360116251062, 0.0066363059945926135, 0.006766935145001038, 0.006896088415978443, 0.007023608454158685, 0.007149339896018189, 0.007273129557162499, 0.007394826618957842, 0.007514282812280415, 0.007631352598159479, 0.007745893345094147, 0.007857765502827938, 0.007966832772369231, 0.008072962272050623, 0.008176024699424737, 0.008275894488799378, 0.008372449964219951, 0.008465573487712886, 0.008555151602609386, 0.008641075171774901, 0.008723239510575917, 0.008801544514422045, 0.008875894780728064, 0.00894619972514726, 0.009012373691934503, 0.009074336058304584, 0.009132011332658648, 0.009185329246559093, 0.009234224840340826, 0.00927863854225461, 0.009318516241046071, 0.00935380935188192, 0.009384474875543093, 0.009410475450812666, 0.00943177939999476, 0.009448360767508913, 0.009460199351512976, 0.009467280728515933, 0.00946959627095071, 0.009467143157685532, 0.009459924377461038, 0.009447948725248963, 0.009431230791536821, 0.00940979094455164, 0.009383655305444417, 0.009352855716465517, 0.009317429702169795, 0.009277420423698717, 0.009232876626195133, 0.00918385257941487, 0.009130408011607341, 0.00907260803674592, 0.009010523075196578, 0.008944228767921494]}