{"OptimizeResult": "Optimization terminated successfully.", "params": [1.9453838918212303, 0.24601758213184213, 1.6491412403015124], "prior": [0.0062878296596964485, 0.006489467870343466, 0.006686556154069376, 0.006878134316567107, 0.007063269008286344, 0.007241058271618701, 0.007410635935144541, 0.00757117583353305, 0.007721895832536694, 0.00786206163947065, 0.007990990380612953, 0.008108053928096626, 0.008212681960085521, 0.008304364739324957, 0.0083826555965304, 0.008447173106515318, 0.00849760294645634, 0.008533699427242464, 0.008555286690447701, 0.008562259565095666, 0.008554584080041979, 0.008532297629478288, 0.008495508790751515, 0.008444396795385929, 0.008379210655885198, 0.008300267952568479, 0.008207953286351037, 0.00810271640500725, 0.007985070012044643, 0.007855587268863965, 0.007714899002374424, 0.007563690631668428, 0.007402698828728641, 0.0072327079294361475, 0.007054546112364875, 0.0068690813639788306, 0.006677217249889303, 0.006479888512774018, 0.006278056518404789, 0.006072704571970102, 0.005864833127511081, 0.005655454913809966, 0.0054455900004772816, 0.0052362608282752405, 0.0050284872278891155, 0.00482328145141466, 0.004621643240767641, 0.004424554957041732, 0.004232976794544, 0.004047842102824765, 0.003870052839492406, 0.0037004751759665677, 0.0035399352775780583, 0.003389215278574413, 0.0032490494716404584, 0.0031201207304981564, 0.003003057183014481, 0.0028984291510255867, 0.0028067463717861506, 0.002728455514580706, 0.0026639380045957884, 0.002613508164654767, 0.002577411683868645, 0.002555824420663406, 0.0025488515460154425, 0.0025565270310691285, 0.002578813481632819, 0.0026156023203595937, 0.002666714315725178, 0.00273190045522591, 0.0028108431585426295, 0.002903157824760071, 0.00300839470610386, 0.003126041099066465, 0.0032555238422471437, 0.0033962121087366837, 0.0035474204794426803, 0.003708412282382467, 0.003878403181674961, 0.004056564998746234, 0.0042420297471322775, 0.004433893861221808, 0.004631222598337092, 0.0048330545927063205, 0.005038406539141005, 0.005246277983600027, 0.005455656197301144, 0.005665521110633827, 0.0058748502828358685, 0.0060826238832219935, 0.006287829659696451, 0.006489467870343469, 0.006686556154069378, 0.006878134316567107, 0.007063269008286344, 0.007241058271618703, 0.007410635935144541, 0.00757117583353305, 0.007721895832536695, 0.00786206163947065, 0.007990990380612953, 0.008108053928096628, 0.008212681960085521, 0.008304364739324957, 0.008382655596530402, 0.00844717310651532, 0.00849760294645634, 0.008533699427242464, 0.008555286690447701, 0.008562259565095666, 0.008554584080041979, 0.008532297629478288, 0.008495508790751515, 0.008444396795385929, 0.0083792106558852, 0.008300267952568479, 0.008207953286351037, 0.00810271640500725, 0.007985070012044645, 0.007855587268863966, 0.007714899002374424, 0.00756369063166843, 0.007402698828728641, 0.007232707929436149, 0.007054546112364874, 0.006869081363978833, 0.006677217249889306, 0.006479888512774018, 0.006278056518404793, 0.0060727045719701075, 0.005864833127511083, 0.005655454913809969, 0.005445590000477284, 0.005236260828275246, 0.005028487227889123, 0.004823281451414663, 0.004621643240767647, 0.004424554957041735, 0.0042329767945440055, 0.004047842102824766, 0.0038700528394924097, 0.0037004751759665685, 0.003539935277578061, 0.0033892152785744184, 0.003249049471640461, 0.003120120730498159, 0.003003057183014483, 0.0028984291510255897, 0.002806746371786152, 0.002728455514580708, 0.0026639380045957893, 0.002613508164654768, 0.002577411683868646, 0.0025558244206634064, 0.0025488515460154425, 0.002556527031069128, 0.0025788134816328175, 0.0026156023203595933, 0.002666714315725176, 0.002731900455225909, 0.002810843158542627, 0.0029031578247600666, 0.0030083947061038565, 0.0031260410990664594, 0.0032555238422471416, 0.0033962121087366785, 0.003547420479442678, 0.0037084122823824624, 0.0038784031816749584, 0.004056564998746228, 0.00424202974713227, 0.004433893861221801, 0.004631222598337084, 0.004833054592706314, 0.005038406539141, 0.005246277983600024, 0.005455656197301138, 0.005665521110633823, 0.0058748502828358615, 0.006082623883221984]}