{"OptimizeResult": "Optimization terminated successfully.", "params": [0.7822764666368893, 2.4856984583930397, 0.32114961752250076, 3.4495737796509656, 4.237394526907088], "prior": [0.004894962348524251, 0.00511763770721684, 0.005324431883218227, 0.0055124336054049785, 0.005678927283303588, 0.005821467052541382, 0.005937946316493473, 0.006026660078651388, 0.006086357578745615, 0.006116283101506087, 0.0061162033036603536, 0.006086419977177389, 0.006027767802655175, 0.005941597309150836, 0.005829743906642987, 0.005694484456518868, 0.005538483359478561, 0.005364730540672282, 0.0051764739784333855, 0.004977149544627435, 0.004770310900102042, 0.004559562026017272, 0.004348494687212924, 0.004140632740021356, 0.003939384741327251, 0.0037480058176927586, 0.0035695692424947065, 0.003406947672761079, 0.003262803539647048, 0.003139587686419559, 0.0030395450192268357, 0.0029647256871436004, 0.002917000142189276, 0.002898076345939339, 0.0029095173821755125, 0.002952757797430966, 0.003029117114495261, 0.003139809138622478, 0.0032859458932152255, 0.003468535272741592, 0.003688471778175014, 0.003946519997926775, 0.004243290809471022, 0.004579210598481205, 0.004954484118103065, 0.005369051935228432, 0.005822543726523856, 0.006314228986329092, 0.006842966981594123, 0.007407158024408595, 0.008004698317712, 0.00863294075098244, 0.009288664066587784, 0.00996805277151618, 0.010666690022955902, 0.01137956546255583, 0.012101099610546439, 0.012825185960138957, 0.01354525134394688, 0.01425433449348748, 0.014945182002667702, 0.015610360165156264, 0.016242380417274504, 0.016833835419422485, 0.01737754218829376, 0.01786668818632505, 0.018294975917460935, 0.01865676139677456, 0.01894718187483612, 0.019162268414918263, 0.019299039339881873, 0.019355571171956906, 0.019331044457469485, 0.01922576276476458, 0.01904114412408327, 0.018779685194618707, 0.018444899445761602, 0.01804123157697895, 0.017573951228272378, 0.017049029712090203, 0.016473003998501587, 0.015852832489772987, 0.015195747221208625, 0.01450910702676143, 0.013800255925721523, 0.013076390545135307, 0.012344439822983659, 0.0116109595757089, 0.010882043798726574, 0.010163253838031388, 0.009459565860273468, 0.008775336388661216, 0.00811428508785837, 0.007479493491141458, 0.006873417978967959, 0.00629791504447228, 0.005754276716753972, 0.0052432739503428544, 0.00476520581792751, 0.004319952449350969, 0.003907029827292128, 0.0035256447626277687, 0.0031747486142459833, 0.0028530885742739814, 0.0025592555972817803, 0.002291728300176922, 0.00204891238970758, 0.0018291753805979437, 0.0016308765454410973, 0.001452392185670154, 0.0012921364310269075, 0.001148577864134944, 0.001020252329284639, 0.0009057723232850742, 0.0008038333845851004, 0.0007132178983306246, 0.0006327967230876012, 0.0005615290229054329, 0.0004984606592059804, 0.00044272146326866175, 0.00039352167404797827, 0.00035014778950213, 0.0003119580439339532, 0.00027837769009206233, 0.00024889423367585015, 0.0002230527398856399, 0.0002004513069862503, 0.00018073678055582839, 0.00016360076408036906, 0.0001487759666331877, 0.00013603291628060455, 0.0001251770582645665, 0.00011604624958486834, 0.00010850865597689319, 0.00010246105308737656, 9.782753052100565e-05, 9.455859499602333e-05, 9.263066674020557e-05, 9.204596111331397e-05, 9.283274489245662e-05, 9.5045953337363e-05, 9.876814970089006e-05, 0.00010411080291148937, 0.00011121585139116158, 0.00012025751107761715, 0.00013144427343613654, 0.00014502102439402725, 0.00016127119763542888, 0.0001805188556292309, 0.00020313056938948198, 0.0002295169437820582, 0.0002601336099703219, 0.0002954814814351715, 0.00033610604636473846, 0.0003825954489097198, 0.0004355770970283297, 0.0004957125279095342, 0.00056369026601964, 0.0006402164265415623, 0.0007260028511933736, 0.0008217526166733499, 0.0009281428302903296, 0.001045804723861915, 0.0011753011756927517, 0.00131710192989314, 0.0014715569392199127, 0.0016388684268150385, 0.0018190624364357105, 0.002011960810788343, 0.0022171546924431127, 0.0024339807692896356, 0.002661501573765673, 0.002898491179575606, 0.00314342761001723, 0.003394493169446549, 0.0036495837284267595, 0.003906327732843254, 0.004162115372150338, 0.004414137942157591, 0.004659436989396141]}