{"OptimizeResult": "Optimization terminated successfully.", "params": [1.993932952114987, 5.089997293900232], "prior": [2.327356292333821e-05, 2.7400548304943683e-05, 3.2335170150669577e-05, 3.8240445836704516e-05, 4.5312068561231924e-05, 5.378463119751558e-05, 6.393890091775768e-05, 7.611027611784146e-05, 9.06985586347178e-05, 0.00010817916990183603, 0.0001291159274139207, 0.00015417547517055307, 0.00018414342577818514, 0.0002199422194516821, 0.00026265063292074675, 0.0003135247758565277, 0.00037402029078282113, 0.00044581532201830494, 0.0005308336385518132, 0.0006312670850106114, 0.0007495962963820501, 0.0008886083511198395, 0.0010514097625064583, 0.0012414329326460422, 0.0014624339348873606, 0.0017184792713658378, 0.00201391909996269, 0.0023533443706008853, 0.002741525388455981, 0.003183329566087145, 0.003683616570349922, 0.004247109740325466, 0.004878243566823283, 0.005580988185644532, 0.006358653230639934, 0.007213674981274815, 0.008147392460508595, 0.009159819903857133, 0.01024942471636326, 0.011412921527077706, 0.012645094093343932, 0.013938657449256882, 0.01528417269329925, 0.01667002605272923, 0.018082482269564853, 0.019505819901289065, 0.020922552859934565, 0.022313738539055026, 0.02365936838490548, 0.02493883200785931, 0.026131441207018002, 0.027216995931007643, 0.028176370562015933, 0.02899209630425095, 0.02964891414297596, 0.03013427299397869, 0.030438749359171173, 0.03055636799808829, 0.03048480765410785, 0.030225481465121645, 0.029783487978616786, 0.029167435258424544, 0.028389146968659826, 0.027463265118067556, 0.026406768964990106, 0.025238433122265445, 0.02397824997119596, 0.02264684202105031, 0.02126488888095987, 0.019852591198662277, 0.01842919050825278, 0.017012559722255977, 0.015618874339601628, 0.01426236966020828, 0.012955184713042987, 0.011707289484001016, 0.01052648857541435, 0.009418491771403407, 0.008387040180963121, 0.007434075674860336, 0.006559941157703701, 0.00576359971452457, 0.005042861705561108, 0.004394610304311568, 0.003815017633275234, 0.0032997454112975583, 0.0028441257673934893, 0.0024433195036375767, 0.0020924505354334494, 0.0017867164579146323, 0.0015214761621796078, 0.0012923161537777492, 0.0010950977227535308, 0.0009259874047508676, 0.0007814732878282768, 0.000658369694249793, 0.000553812635009054, 0.00046524822931953, 0.0003904160300877358, 0.0003273289232019258, 0.00027425099215937936, 0.00022967447421630787, 0.00019229668964397607, 0.00016099760784957104, 0.00013481852605141422, 0.00011294217849325657, 9.467446571610603e-05, 7.942789188253222e-05, 6.670672057153356e-05, 5.6093802508728964e-05, 4.723898899681659e-05, 3.98490191457481e-05, 3.367875443008234e-05, 2.8523628031497014e-05, 2.421317664484696e-05, 2.0605527099958756e-05, 1.758271779512008e-05, 1.5046744386077627e-05, 1.291622953628348e-05, 1.1123627152551286e-05, 9.612881938329035e-06, 8.337474979898362e-06, 7.258795242957761e-06, 6.3447851919716645e-06, 5.568816211932756e-06, 4.908756117896016e-06, 4.3461968192257415e-06, 3.86581522000615e-06, 3.4548447524390037e-06, 3.102638628753726e-06, 2.8003090317442056e-06, 2.5404291141923495e-06, 2.316786908091558e-06, 2.1241821149432958e-06, 1.9582583114955495e-06, 1.8153644079583733e-06, 1.6924402788655161e-06, 1.5869223857252302e-06, 1.4966659557757963e-06, 1.4198808984192592e-06, 1.3550791522105666e-06, 1.3010315791870429e-06, 1.2567328754748142e-06, 1.2213732606722276e-06, 1.1943159545772138e-06, 1.1750796577678085e-06, 1.1633254303261029e-06, 1.158847517449115e-06, 1.1615678077625872e-06, 1.1715337351270105e-06, 1.1889195524133736e-06, 1.2140310206609108e-06, 1.2473136736351107e-06, 1.2893649405711236e-06, 1.3409505435440688e-06, 1.403025735603499e-06, 1.4767621173097639e-06, 1.5635809692111713e-06, 1.6651942737660691e-06, 1.783654881244531e-06, 1.92141761088145e-06, 2.081413483623059e-06, 2.267139771210253e-06, 2.482769135877876e-06, 2.7332818467031218e-06, 3.0246259174881664e-06, 3.363911046229616e-06, 3.7596434818108685e-06, 4.222010439060488e-06, 4.763224474105365e-06, 5.397940369520246e-06, 6.143759620851295e-06, 7.021840626285051e-06, 8.057636228200955e-06, 9.281784411163023e-06, 1.0731182798409194e-05, 1.2450283177631032e-05, 1.4492648687217553e-05, 1.6922823549332308e-05, 1.981857336120083e-05]}