{"OptimizeResult": "Optimization terminated successfully.", "params": [2.3269155302074758, 1.2822767364597847, 3.8896567333994887], "prior": [0.0008362185336848787, 0.0009511856429400523, 0.0010804563561460287, 0.0012253917066330068, 0.0013873922037850068, 0.0015678790727694275, 0.0017682712188909265, 0.001989957754349686, 0.002234266065203906, 0.00250242557021265, 0.0027955275296590283, 0.0031144814975571475, 0.003459969268462195, 0.0038323974411483626, 0.004231849993455253, 0.004658042520618834, 0.0051102800160608315, 0.005587420249980001, 0.006087844907663879, 0.006609440667417251, 0.007149592310763242, 0.0077051897522702065, 0.008272650545509705, 0.008847958964578342, 0.009426722184584565, 0.010004243405416065, 0.010575611005627943, 0.011135802010291105, 0.011679797347910527, 0.012202705601822761, 0.01269989127795191, 0.013167103059939888, 0.013600597147046888, 0.013997250605254152, 0.014354659732981428, 0.014671218762531652, 0.014946174785458144, 0.015179655588436343, 0.015372668085507345, 0.015527066189476437, 0.01564548822606743, 0.015731265298122226, 0.01578830328901403, 0.015820942390057543, 0.015833799085590697, 0.015831596378529784, 0.015818988645762793, 0.01580038784626974, 0.015779797848455193, 0.015760663393977612, 0.015745739684193905, 0.01573698778576316, 0.01573550003877615, 0.01574145845820431, 0.015754127799012148, 0.01577188356355623, 0.015792273826295427, 0.015812112395215346, 0.01582759957971035, 0.01583446574477268, 0.015828131948568625, 0.015803881323598414, 0.015757034498848365, 0.015683122287663314, 0.015578049086124592, 0.015438240928162804, 0.015260772901262513, 0.015043471602299869, 0.01478498945750471, 0.014484848985854034, 0.014143456388069952, 0.01376208512875932, 0.013342831384162807, 0.012888544295449462, 0.012402734849756474, 0.011889467872511227, 0.011353242033123549, 0.010798862934752643, 0.010231314284865326, 0.009655631847295074, 0.009076784390219333, 0.008499565208015846, 0.007928497053680027, 0.007367752519650122, 0.006821091094535203, 0.006291813343402402, 0.005782731945756113, 0.005296158706144023, 0.004833906146848262, 0.004397301910992839, 0.0039872139499708215, 0.0036040843364155526, 0.0032479695221028153, 0.00291858493385382, 0.002615351951589229, 0.002337445521766775, 0.0020838409072251093, 0.001853358342882064, 0.0016447046397970908, 0.001456511044433188, 0.0012873669050841056, 0.001135848915864656, 0.0010005458956944462, 0.000880079213142616, 0.0007731190877611422, 0.0006783970862099369, 0.0005947151898904461, 0.0005209518435865335, 0.00045606540582594535, 0.0003990954155066607, 0.00034916206983545906, 0.0003054642795476119, 0.0002672766320342737, 0.00023394555422050274, 0.00020488492711797304, 0.00017957136472444488, 0.0001575393326921433, 0.00013837624786043506, 0.00012171766891328835, 0.00010724266135862502, 9.46693967881212e-05, 8.37510268457993e-05, 7.42718562761509e-05, 6.60438265250731e-05, 5.89033112749539e-05, 5.2708217639112764e-05, 4.7335381155974574e-05, 4.267823886474276e-05, 3.864476229560697e-05, 3.515563088637525e-05, 3.214262589789826e-05, 2.954722513297099e-05, 2.731937949240455e-05, 2.5416453484378113e-05, 2.380231312437658e-05, 2.2446546133461213e-05, 2.1323800894356404e-05, 2.0413232208126953e-05, 1.9698043474430683e-05, 1.9165116473163823e-05, 1.8804721442359545e-05, 1.86103016218509e-05, 1.85783278658676e-05, 1.870822032629924e-05, 1.900233558093271e-05, 1.9466018938757947e-05, 2.0107723009738477e-05, 2.0939194991745756e-05, 2.1975736514408854e-05, 2.323654129849478e-05, 2.4745117347417195e-05, 2.652980188792297e-05, 2.862437881789296e-05, 3.106880999142953e-05, 3.391009325687034e-05, 3.7203261732630634e-05, 4.101254031541828e-05, 4.541267680503835e-05, 5.0490466219116765e-05, 5.634648775536699e-05, 6.309707430694993e-05, 7.087653428587125e-05, 7.983964456438703e-05, 9.016443137353856e-05, 0.00010205525273313491, 0.000115746191125453, 0.00013150475833106454, 0.0001496359052612358, 0.00017048631787764678, 0.00019444896552324573, 0.0002219678498650647, 0.00025354288090005455, 0.0002897347809291389, 0.00033116988804248506, 0.00037854469766322675, 0.00043262994451443636, 0.0004942739887788773, 0.0005644052303776794, 0.0006440332358141406, 0.0007342482250162772]}