{"OptimizeResult": "Optimization terminated successfully.", "params": [2.2853184776779525, 1.3281418174440176, 6.680451165634869, 5.111103015199063], "prior": [0.0003155487486826762, 0.0003749226713970408, 0.00044471171866796735, 0.0005264860356358421, 0.000621981404338772, 0.0007330983408788807, 0.0008618956543220596, 0.0010105772102096309, 0.0011814706189528772, 0.0013769966154008437, 0.0015996280284504515, 0.00185183747556116, 0.002136033270412002, 0.0024544835116618413, 0.0028092289285159147, 0.0032019857866674097, 0.0036340409867018936, 0.004106142383736911, 0.004618388275850791, 0.005170120890703935, 0.005759829474728013, 0.00638506918009816, 0.00704240227199767, 0.007727368167347207, 0.008434488402851891, 0.00915731177102392, 0.009888503540569367, 0.010619980907610297, 0.011343094658414057, 0.012048854551544797, 0.012728193271115832, 0.0133722611149974, 0.013972741033311835, 0.014522171401221218, 0.015014262167302766, 0.015444188916007481, 0.015808849038613574, 0.016107064698243728, 0.016339718628991112, 0.01650981100457195, 0.016622428577324322, 0.01668462090999288, 0.016705182651714792, 0.0166943452709108, 0.016663386258686044, 0.016624168353572007, 0.01658862560325094, 0.01656821686047365, 0.016573370398382928, 0.016612945518342474, 0.016693738114175967, 0.01682005697292373, 0.016993395990638597, 0.0172122243731612, 0.017471912263804953, 0.017764803179663616, 0.01808043735145205, 0.018405921882319518, 0.018726435027733055, 0.019025843415099806, 0.019287403299675356, 0.01949451063831015, 0.0196314604507388, 0.019684174107568616, 0.019640854132285137, 0.019492529899807733, 0.01923346407010141, 0.018861398273898277, 0.01837762681149122, 0.017786898118973358, 0.01709715460589345, 0.016319131295285626, 0.015465841728132364, 0.014551985240035497, 0.013593312628143051, 0.012605987317117033, 0.011605976581105966, 0.01060850258822896, 0.009627576578502146, 0.008675632036785837, 0.007763264972185656, 0.006899082008110544, 0.006089650459661487, 0.0053395393180114, 0.004651436301582235, 0.004026323935503247, 0.0034636969049536303, 0.0029618035028251568, 0.0025178955906643135, 0.0021284738101537523, 0.0017895175146564748, 0.0014966917571642452, 0.001245526439240663, 0.001031565219436121, 0.0008504838836973133, 0.0006981795357509081, 0.000570833162099769, 0.0004649488916150058, 0.0003773736572323005, 0.0003053010453483121, 0.000246262960867088, 0.00019811241401610972, 0.00015900031320753658, 0.00012734868005919526, 0.00010182223015042404, 8.129981646497307e-05, 6.484683149954184e-05, 5.168931951362126e-05, 4.119026616345242e-05, 3.282830745791347e-05, 2.617892881713205e-05, 2.0898101221939653e-05, 1.6708217352866042e-05, 1.338613851696949e-05, 1.0753135835700315e-05, 8.666500232977224e-06, 7.0125998195074726e-06, 5.701175929218046e-06, 4.6606868952690224e-06, 3.834529076532157e-06, 3.1779858030730635e-06, 2.655775531932227e-06, 2.240089784809907e-06, 1.90902891838512e-06, 1.6453592505168129e-06, 1.4355285017856646e-06, 1.268887997001291e-06, 1.1370797597616324e-06, 1.0335547149421893e-06, 9.531948915524055e-07, 8.920179911504369e-07, 8.469471418557289e-07, 8.15632264105797e-07, 7.963123808823888e-07, 7.877105412332348e-07, 7.889549014677255e-07, 7.995210159757115e-07, 8.191916065186174e-07, 8.480310693259302e-07, 8.863727967418825e-07, 9.34818078939072e-07, 9.942459486813175e-07, 1.0658338701249398e-06, 1.15108967897876e-06, 1.2518956809624592e-06, 1.3705663316452822e-06, 1.5099214758762795e-06, 1.6733777416646348e-06, 1.8650613848692674e-06, 2.08994669218055e-06, 2.3540249973502627e-06, 2.664510478523161e-06, 3.030090214488773e-06, 3.461227518917101e-06, 3.970529380641028e-06, 4.573190952824599e-06, 5.287532492717395e-06, 6.13564699326216e-06, 7.144180000121293e-06, 8.345266796093677e-06, 9.777656268622588e-06, 1.1488055342977824e-05, 1.3532732820915612e-05, 1.597942672716805e-05, 1.890960469273494e-05, 2.242113228053728e-05, 2.6631409179560422e-05, 3.168103743926546e-05, 3.7738088832908135e-05, 4.5003039315798226e-05, 5.37144364957992e-05, 6.41553599820511e-05, 7.666072315353311e-05, 9.162544683739776e-05, 0.00010951350900059443, 0.00013086783813442865, 0.00015632096984441807, 0.00018660632467125084, 0.00022256988909694056, 0.00026518199030750936]}