{"OptimizeResult": "Optimization terminated successfully.", "params": [7.227763280925286, -0.2486514935026275, 0.1454285230222172], "prior": [0.004215325100272764, 0.004400358183957959, 0.004586798697695931, 0.004774419492439652, 0.0049629919811514924, 0.0051522864173013235, 0.005342072174777269, 0.005532118028868098, 0.005722192437974921, 0.005912063825708962, 0.006101500863031708, 0.006290272750093723, 0.006478149497428701, 0.006664902206160209, 0.0068503033468797075, 0.007034127036856085, 0.007216149315238975, 0.0073961484159205506, 0.007573905037723367, 0.007749202611585066, 0.007921827564414417, 0.008091569579297235, 0.008258221851735137, 0.008421581341604973, 0.008581449020531937, 0.008737630114374983, 0.00888993434052912, 0.009038176139755444, 0.009182174902256493, 0.009321755187721475, 0.009456746939073243, 0.00958698568965666, 0.00971231276361588, 0.009832575469216443, 0.009947627284876623, 0.010057328037681407, 0.010161544074161618, 0.010260148423130045, 0.01035302095037631, 0.010440048505031881, 0.010521125057426974, 0.01059615182827138, 0.010665037409001819, 0.010727697873149176, 0.010784056878589994, 0.010834045760557583, 0.01087760361529946, 0.010914677374279199, 0.010945221868832254, 0.010969199885197034, 0.010986582209854129, 0.010997347665118484, 0.01100148313494115, 0.010998983580889172, 0.010989852048284132, 0.010974099662491904, 0.010951745615368113, 0.010922817141875794, 0.010887349486903813, 0.01084538586232638, 0.010796977394356037, 0.01074218306125426, 0.010681069621475506, 0.01061371153233235, 0.010540190859280686, 0.010460597175935643, 0.010375027454939907, 0.010283585949817507, 0.010186384067956947, 0.010083540234878478, 0.009975179749950824, 0.009861434633733216, 0.009742443467128674, 0.009618351222544523, 0.009489309087265845, 0.009355474279257054, 0.009217009855616043, 0.009074084513914206, 0.008926872386664448, 0.008775552829167529, 0.00862031020099527, 0.008461333641376806, 0.00829881683876157, 0.008132957794839754, 0.007963958583307751, 0.007792025103672479, 0.007617366830394551, 0.00744019655767591, 0.007260730140202878, 0.007079186230160461, 0.006895786010838352, 0.006710752927153157, 0.006524312413415183, 0.006336691618671465, 0.006148119129959625, 0.005958824693809794, 0.005769038936333849, 0.00557899308224302, 0.005388918673136196, 0.005199047285402155, 0.005009610248079408, 0.004820838361017393, 0.004632961613682416, 0.004446208904950909, 0.004260807764231409, 0.0040769840742550315, 0.003894961795872142, 0.0037149626951905653, 0.0035372060733877496, 0.003361908499526051, 0.0031892835466966994, 0.003019541531813883, 0.00285288925937598, 0.002689529769506144, 0.0025296620905791807, 0.002373480996736131, 0.0022211767705819976, 0.0020729349713556767, 0.0019289362088546229, 0.0017893559233896432, 0.001654364172037874, 0.0015241254214544582, 0.001398798347495237, 0.0012785356418946764, 0.0011634838262344956, 0.0010537830734297091, 0.0009495670369495016, 0.0008509626879810727, 0.0007580901607348076, 0.0006710626060792393, 0.0005899860536841457, 0.0005149592828397384, 0.00044607370210929904, 0.00038341323796194223, 0.0003270542325211251, 0.00027706535055353634, 0.0002335074958116576, 0.00019643373683191905, 0.000165889242278863, 0.00014191122591408238, 0.00012452890125698904, 0.00011376344599263399, 0.00010962797616996725, 0.00011212753022194577, 0.00012125906282698584, 0.00013701144861921164, 0.00015936549574300537, 0.0001882939692353224, 0.0002237616242073035, 0.00026572524878473714, 0.00031413371675507914, 0.0003689280498568569, 0.00043004148963560657, 0.0004973995787787662, 0.0005709202518304268, 0.000650513935175472, 0.0007360836561712066, 0.000827525161293609, 0.0009247270431541661, 0.0010275708762326379, 0.0011359313611602907, 0.0012496764773778967, 0.001368667643982439, 0.0014927598885665883, 0.00162180202384527, 0.0017556368318540584, 0.0018941012554950724, 0.0020370265971969073, 0.002184238724446669, 0.0023355582819435854, 0.0024908009101158417, 0.002649777469734307, 0.0028122942723495404, 0.0029781533162713584, 0.0031471525278033595, 0.0033190860074386345, 0.0034937442807165624, 0.0036709145534352043, 0.0038503809709082345, 0.0040319248809506485]}