{"OptimizeResult": "Optimization terminated successfully.", "params": [9.301663895768524, 0.7341193443324994, 1.0577262520705888], "prior": [0.008897408899256685, 0.009147605757088808, 0.009380302507410685, 0.00959436547504534, 0.009788751766731997, 0.009962514351997197, 0.010114806676992083, 0.010244886788817648, 0.01035212095024469, 0.010435986727217876, 0.010496075534101944, 0.010532094624269869, 0.010543868516334973, 0.010531339849078628, 0.010494569660908325, 0.010433737092484704, 0.01034913851396626, 0.010241186081123711, 0.010110405727358529, 0.009957434601408261, 0.009783017963221933, 0.00958800555312849, 0.009373347451987327, 0.009140089452489848, 0.008889367964162594, 0.008622404476894255, 0.008340499609959732, 0.008045026775533747, 0.007737425487564801, 0.007419194348607905, 0.007091883748783574, 0.0067570883124330105, 0.006416439129268587, 0.006071595807868747, 0.00572423839023182, 0.005376059166780293, 0.005028754431691963, 0.004684016218725233, 0.004343524057800713, 0.004008936792500274, 0.00368188449834787, 0.003363960541245422, 0.0030567138147543325, 0.0027616411940417323, 0.0024801802432551394, 0.0022137022118544278, 0.0019635053540223053, 0.001730808603700429, 0.0015167456360657718, 0.0013223593443791174, 0.0011485967591139171, 0.0009963044341190312, 0.0008662243222934642, 0.0007589901608664229, 0.0006751243838932402, 0.0006150355770091697, 0.000579016486841246, 0.0005672425947761412, 0.0005797712620324874, 0.0006165414502027896, 0.000677374018626409, 0.0007619725971448542, 0.0008699250299874017, 0.0010007053837525854, 0.0011536765097028535, 0.0013280931478891797, 0.0015231055579826233, 0.0017377636591237862, 0.0019710216586212655, 0.0022217431469485215, 0.0024887066342168585, 0.0027706115011513835, 0.0030660843355773673, 0.003373685623546313, 0.0036919167625032046, 0.004019227362327536, 0.004354022798678104, 0.0046946719818425275, 0.0050395153032423675, 0.005386872720879294, 0.005735051944330822, 0.006082356679419152, 0.006427094892385881, 0.0067675870533104015, 0.007102174318610837, 0.007429226612763244, 0.007747150569865692, 0.008054397296356782, 0.008349469917069382, 0.008630930867855975, 0.008897408899256685, 0.00914760575708881, 0.009380302507410685, 0.00959436547504534, 0.009788751766731996, 0.009962514351997197, 0.010114806676992083, 0.010244886788817648, 0.01035212095024469, 0.010435986727217876, 0.010496075534101944, 0.010532094624269869, 0.010543868516334973, 0.010531339849078628, 0.010494569660908325, 0.010433737092484704, 0.01034913851396626, 0.010241186081123711, 0.010110405727358529, 0.00995743460140826, 0.009783017963221933, 0.009588005553128491, 0.009373347451987327, 0.00914008945248985, 0.008889367964162589, 0.00862240447689425, 0.00834049960995973, 0.008045026775533749, 0.007737425487564799, 0.007419194348607907, 0.007091883748783571, 0.006757088312433008, 0.006416439129268579, 0.006071595807868743, 0.005724238390231813, 0.005376059166780289, 0.005028754431691964, 0.004684016218725229, 0.0043435240578007135, 0.004008936792500279, 0.003681884498347867, 0.0033639605412454227, 0.0030567138147543295, 0.002761641194041734, 0.0024801802432551433, 0.002213702211854429, 0.001963505354022309, 0.0017308086037004294, 0.0015167456360657753, 0.0013223593443791154, 0.001148596759113918, 0.0009963044341190304, 0.0008662243222934652, 0.0007589901608664248, 0.0006751243838932402, 0.0006150355770091707, 0.000579016486841246, 0.0005672425947761412, 0.0005797712620324874, 0.0006165414502027896, 0.00067737401862641, 0.0007619725971448532, 0.0008699250299873997, 0.0010007053837525844, 0.0011536765097028504, 0.001328093147889181, 0.0015231055579826229, 0.0017377636591237886, 0.0019710216586212646, 0.002221743146948523, 0.0024887066342168577, 0.0027706115011513787, 0.0030660843355773664, 0.003373685623546308, 0.003691916762503208, 0.0040192273623275345, 0.004354022798678107, 0.004694671981842527, 0.005039515303242372, 0.005386872720879293, 0.005735051944330816, 0.006082356679419151, 0.0064270948923858765, 0.006767587053310401, 0.007102174318610835, 0.007429226612763248, 0.007747150569865691, 0.008054397296356786, 0.00834946991706938, 0.00863093086785597]}