,sub,circmean,circstd,Hue Angle mean,Hue Angle std,se
0,s1,1.9666339746859034,0.037667505681105495,112.67982659654025,2.1581891003123963,0.0037667505681105496
1,s2,6.008731194389363,0.28885566240757243,344.2749376671128,16.550210344409614,0.028885566240757242
2,s3,2.366234050326811,0.11090379658831233,135.57522442387273,6.3543194764876745,0.011090379658831234
3,s4,2.814813814832557,0.3189203258893071,161.27695170502432,18.2727886743941,0.03189203258893071
4,s5,1.9851414587539844,0.01889647155581084,113.7402273230469,1.0826880678369697,0.001889647155581084
5,s6,5.919630888828352,0.1786252909645061,339.1698662051408,10.234475286562517,0.01786252909645061
6,sAVG,2.0105232988751998,0.3480012501907441,115.19449963826837,19.93900290120587,0.03480012501907441
