{"OptimizeResult": "Optimization terminated successfully.", "params": [3.1108704764031705, 1.3958457548416765, 8.448038645766296, 0.7508404098976689], "prior": [0.002762343372832257, 0.002834324662584635, 0.0029076274969960843, 0.0029821649844302156, 0.0030578410078263875, 0.0031345500579436562, 0.0032121771222854583, 0.0032905976352661397, 0.0033696774949589724, 0.0034492731514478153, 0.003529231771387321, 0.0036093914828574376, 0.0036895817039766586, 0.0037696235580170624, 0.003849330376946756, 0.003928508294418948, 0.004006956928240735, 0.00408447015130147, 0.004160836948835393, 0.004235842358754579, 0.004309268490637853, 0.0043808956178241175, 0.004450503335963187, 0.00451787178035643, 0.004582782893510274, 0.004645021733570627, 0.004704377813754315, 0.004760646462602182, 0.004813630194915378, 0.004863140083683267, 0.004908997124268112, 0.004951033583701734, 0.00498909433032612, 0.005023038142366574, 0.005052738998603267, 0.005078087360406831, 0.005098991462398541, 0.005115378639342787, 0.005127196730127113, 0.00513441561647895, 0.005137028975142909, 0.005135056348402043, 0.005128545669895404, 0.005117576421427853, 0.005102263642460939, 0.005082763067407946, 0.00505927772626941, 0.005032066410058297, 0.005001454470918941, 0.004967847492848533, 0.004931748424829194, 0.004893778803005099, 0.004854704687429932, 0.004815467882725679, 0.004777222877324889, 0.004741379695767529, 0.004709652483638396, 0.004684113106623793, 0.0046672483200587995, 0.004662018139910942, 0.004671911924718617, 0.004700997390772795, 0.004753956394396096, 0.004836099932013796, 0.0049533535838578915, 0.005112203759877702, 0.00531959483469395, 0.0055827678419373555, 0.00590903309106112, 0.006305472082147095, 0.00677856854715836, 0.007333774321128171, 0.007975022840317992, 0.008704210954470095, 0.009520677776472626, 0.010420716618380272, 0.011397161676099056, 0.012439093980736544, 0.013531710279071926, 0.014656393232950113, 0.015791011334232934, 0.016910462444368703, 0.017987456713155336, 0.018993514231950812, 0.01990013205014097, 0.020680056353146632, 0.021308580929903006, 0.021764784548832992, 0.022032618953013085, 0.02210176651035686, 0.021968201795449654, 0.021634413254361464, 0.021109267494243005, 0.020407526946131613, 0.01954905873615965, 0.01855779577716414, 0.017460528074713596, 0.016285611529742703, 0.015061682561433573, 0.013816460082350109, 0.012575702998211362, 0.01136237336964358, 0.010196034892357715, 0.009092495684624682, 0.00806368552808811, 0.007117742243322692, 0.006259270769056597, 0.005489732119955579, 0.0048079175358612955, 0.004210465182453276, 0.0036923818106962074, 0.003247538793335414, 0.002869119908265471, 0.002550006232281267, 0.0022830908412328804, 0.0020615222070673256, 0.0018788799850373787, 0.0017292902365653171, 0.0016074891268291539, 0.0015088449644579962, 0.0014293483611375682, 0.001365579542667194, 0.0013146606851403273, 0.0012741997899774252, 0.0012422312138787239, 0.0012171566517229378, 0.0011976892060214632, 0.0011828022034086776, 0.0011716836465313911, 0.00116369660878552, 0.001158345467775918, 0.0011552476033066612, 0.0011541100278386126, 0.0011547103439487258, 0.0011568814100291016, 0.001160499122100754, 0.0011654727703378986, 0.0011717374918688154, 0.0011792484082705263, 0.001187976101360505, 0.001197903141045905, 0.0012090214323613661, 0.0012213301947721345, 0.001234834425434797, 0.0012495437299284327, 0.001265471429758506, 0.0012826338765432783, 0.0013010499190587764, 0.0013207404820221008, 0.0013417282253227309, 0.0013640372599566168, 0.0013876929026694408, 0.0014127214556746977, 0.0014391500011013737, 0.0014670062023002717, 0.0014963181059972851, 0.0015271139406810546, 0.0015594219076706275, 0.0015932699621169183, 0.0016286855818190688, 0.001665695522235473, 0.0017043255564785005, 0.0017446001994314462, 0.0017865424154379216, 0.0018301733093042073, 0.001875511800636052, 0.001922574281811903, 0.0019713742601806137, 0.0020219219853676836, 0.002074224062882286, 0.00212828305553906, 0.0021840970745436476, 0.0022416593624381147, 0.002300957870459508, 0.00236197483322886, 0.002424686344054929, 0.0024890619345020355, 0.002555064162229084, 0.0026226482114508785, 0.0026917615106961893]}