{"OptimizeResult": "Optimization terminated successfully.", "params": [5.701070485617003, 2.1855610258990494, 1.509025968566387], "prior": [0.009144076939805163, 0.008958597705328232, 0.00875653919157021, 0.008538885807299272, 0.008306697937925146, 0.008061106779407983, 0.007803308827185337, 0.007534560046966682, 0.007256169755794707, 0.0069694942431843074, 0.0066759301634164, 0.006376907731178658, 0.006073883753703313, 0.005768334533348759, 0.005461748675202865, 0.005155619834748615, 0.004851439440924737, 0.004550689430033836, 0.004254835025897689, 0.003965317601434063, 0.0036835476564327564, 0.0034108979457424006, 0.0031486967913468256, 0.00289822161091388, 0.0026606926943449536, 0.002437267258645249, 0.0022290338100788465, 0.0020370068410756103, 0.0018621218877260398, 0.001705230971943481, 0.0015670984504990064, 0.0014483972911520616, 0.0013497057940191866, 0.001271504774153975, 0.0012141752190644754, 0.001177996432580333, 0.0011631446741126226, 0.0011696922999357036, 0.0011976074106747326, 0.001246754006716205, 0.0013168926507844054, 0.0014076816344557447, 0.0015186786429278562, 0.0016493429099328392, 0.0017990378522961773, 0.0019670341713059506, 0.0021525134057828843, 0.002354571919540908, 0.002572225303811846, 0.0028044131731859707, 0.0030500043317031322, 0.0033078022839257803, 0.003576551064144433, 0.0038549413553164123, 0.0041416168679268076, 0.004435180947694715, 0.004734203379932458, 0.005037227357407805, 0.005342776577762359, 0.005649362435908249, 0.005955491276362504, 0.006259671670186378, 0.0065604216810772826, 0.006856276085213426, 0.007145793509677057, 0.007427563454678358, 0.007700213165368713, 0.007962414319764289, 0.008212889500197234, 0.008450418416766164, 0.008673843852465866, 0.008882077301032272, 0.009074104270035507, 0.009248989223385079, 0.009405880139167636, 0.009544012660612108, 0.009662713819959054, 0.00976140531709193, 0.009839606336957142, 0.00989693589204664, 0.009933114678530783, 0.009947966436998494, 0.009941418811175412, 0.009913503700436385, 0.009864357104394912, 0.009794218460326711, 0.009703429476655371, 0.009592432468183261, 0.009461768201178278, 0.009312073258814939, 0.009144076939805165, 0.008958597705328232, 0.008756539191570208, 0.008538885807299274, 0.008306697937925146, 0.008061106779407985, 0.007803308827185337, 0.007534560046966683, 0.007256169755794704, 0.006969494243184308, 0.006675930163416398, 0.006376907731178658, 0.0060738837537033154, 0.0057683345333487575, 0.005461748675202867, 0.005155619834748612, 0.0048514394409247385, 0.004550689430033833, 0.00425483502589769, 0.00396531760143406, 0.003683547656432758, 0.0034108979457424054, 0.003148696791346827, 0.0028982216109138823, 0.0026606926943449527, 0.002437267258645244, 0.0022290338100788443, 0.0020370068410756103, 0.0018621218877260376, 0.0017052309719434817, 0.0015670984504990058, 0.0014483972911520622, 0.0013497057940191847, 0.001271504774153975, 0.0012141752190644739, 0.001177996432580333, 0.0011631446741126226, 0.0011696922999357036, 0.0011976074106747326, 0.0012467540067162043, 0.0013168926507844054, 0.0014076816344557447, 0.0015186786429278562, 0.0016493429099328379, 0.0017990378522961719, 0.0019670341713059506, 0.002152513405782881, 0.002354571919540907, 0.0025722253038118425, 0.0028044131731859703, 0.0030500043317031314, 0.00330780228392578, 0.0035765510641444322, 0.003854941355316404, 0.0041416168679268076, 0.00443518094769471, 0.004734203379932457, 0.0050372273574077996, 0.0053427765777623575, 0.005649362435908248, 0.005955491276362503, 0.0062596716701863765, 0.006560421681077273, 0.006856276085213426, 0.007145793509677048, 0.007427563454678358, 0.007700213165368711, 0.007962414319764289, 0.008212889500197232, 0.008450418416766164, 0.008673843852465866, 0.008882077301032267, 0.009074104270035506, 0.009248989223385073, 0.009405880139167634, 0.009544012660612108, 0.009662713819959054, 0.009761405317091928, 0.009839606336957142, 0.00989693589204664, 0.009933114678530782, 0.009947966436998494, 0.009941418811175412, 0.009913503700436385, 0.009864357104394912, 0.009794218460326711, 0.009703429476655371, 0.009592432468183261, 0.00946176820117828, 0.009312073258814946]}