{"OptimizeResult": "Optimization terminated successfully.", "params": [2.719793702726722, 1.2671582346600065, 2.710236330998339], "prior": [0.001673443567446365, 0.001827410466648326, 0.0019937853660868072, 0.0021731149824892357, 0.0023658954461841736, 0.0025725581083551655, 0.0027934544026373747, 0.0030288399707509898, 0.0032788583200615068, 0.003543524340295965, 0.0038227080649290094, 0.004116119117415962, 0.00442329233061859, 0.00474357506635784, 0.0050761167878659065, 0.005419861447895016, 0.00577354324651565, 0.006135686282785872, 0.006504608571716952, 0.0068784308213518264, 0.007255090264366498, 0.007632359715593989, 0.008007871883672454, 0.008379148805297455, 0.008743636099172395, 0.009098741559628264, 0.009441877433810092, 0.009770505558667675, 0.010082184382339234, 0.010374616766321907, 0.01064569736695791, 0.010893558333131987, 0.011116612036227267, 0.011313589571209905, 0.011483573835199455, 0.011626026100999881, 0.011740805154753852, 0.011828178254162821, 0.011888823379928493, 0.011923822490215296, 0.01193464573708701, 0.011923126855667383, 0.011891430181904885, 0.011842009984514925, 0.011777563003136055, 0.011700975261515843, 0.011615264366778568, 0.0115235186104057, 0.011428834252128017, 0.011334252394804631, 0.011242696848341711, 0.011156914336772634, 0.011079418328639786, 0.011012437671159146, 0.01095787108785636, 0.010917248461848739, 0.010891699676745824, 0.010881931627747652, 0.010888213849816667, 0.010910373040070495, 0.01094779657957187, 0.010999444986922237, 0.011063873063805773, 0.011139259322276704, 0.011223443116828125, 0.01131396874328985, 0.011408135614123353, 0.011503053479079234, 0.011595701535384879, 0.011682990166984104, 0.01176182397239694, 0.011829164689944147, 0.011882092611388052, 0.011917865093687443, 0.01193397083562926, 0.011928178682242148, 0.011898579854141268, 0.011843622668568806, 0.01176213901939461, 0.011653362108600442, 0.011516935164260849, 0.011352911131160635, 0.011161743570720908, 0.010944269247446237, 0.010701683100594673, 0.010435506493968544, 0.010147549796645592, 0.00983987046774738, 0.009514727895484115, 0.00917453627324417, 0.008821816783970314, 0.008459150310974035, 0.0080891318028997, 0.0077143272983983754, 0.007337234468907551, 0.006960247373109643, 0.006585625941759737, 0.006215470534075265, 0.005851701733708067, 0.005496045389605372, 0.005150022759917272, 0.004814945489454618, 0.0044919150457321585, 0.004181826156800777, 0.003885373736173167, 0.0036030627454361978, 0.0033352204320068915, 0.003082010385632906, 0.002843447879884191, 0.002619416000966111, 0.002409682112535503, 0.002213914258704223, 0.0020316971651418046, 0.0018625475574988793, 0.0017059285749848052, 0.0015612631129643941, 0.0014279459804220163, 0.001305354805013527, 0.0011928596595046175, 0.00108983141833319, 0.000995648881780819, 0.0009097047279792969, 0.0008314103700831485, 0.0007601998079122906, 0.0006955325708018074, 0.0006368958519248806, 0.000583805934627982, 0.000535809008965441, 0.0004924814722364911, 0.00045342980145191193, 0.0004182900787679108, 0.0003867272434331361, 0.0003584341360450389, 0.00033313039318292817, 0.00031056124299512803, 0.00029049624522959515, 0.00027272801262575924, 0.0002570709446033713, 0.00024335999883021904, 0.00023144952153524996, 0.00022121215334510927, 0.00021253782393191114, 0.00020533284582718617, 0.0001995191153318788, 0.00019503342647974635, 0.00019182690243308524, 0.00018986454744519596, 0.00018912492155286395, 0.0001895999394040174, 0.0001912947940209134, 0.00019422800578857943, 0.00019843159648319113, 0.00020395138765716487, 0.00021084742211844698, 0.0002191945065217969, 0.00022908287217021262, 0.00024061894994479156, 0.00025392625378072513, 0.0002691463652254386, 0.00028644000929316737, 0.00030598820901237553, 0.00032799350269736003, 0.00035268120402002823, 0.0003803006803805824, 0.0004111266198608997, 0.00044546025119687564, 0.00048363047475785594, 0.000525994855537386, 0.0005729404217449878, 0.0006248842048952074, 0.0006822734495234768, 0.0007455854130834763, 0.0008153266695273794, 0.0008920318239353527, 0.0009762615408079715, 0.0010685997857920767, 0.0011696501802595798, 0.0012800313709241875, 0.0014003713232090356, 0.001531300458010696]}