{"OptimizeResult": "Optimization terminated successfully.", "params": [1.804002772716336, 1.8446275686691562], "prior": [0.0017697919882363872, 0.001884675491033285, 0.002007905272800502, 0.0021399746269518023, 0.0022813876620119272, 0.002432656308357304, 0.0025942967660047512, 0.002766825354855037, 0.0029507537335298904, 0.0031465834593614357, 0.003354799870358258, 0.0035758652802111287, 0.00381021148970423, 0.004058231632304856, 0.004320271388194828, 0.0045966196194848225, 0.004887498499638671, 0.005193053231953401, 0.005513341474915104, 0.005848322615896076, 0.0061978470583824, 0.006561645711026281, 0.006939319888511314, 0.007330331853629145, 0.007733996246160452, 0.008149472656168838, 0.00857575960619219, 0.0090116902076329, 0.00945592975057141, 0.009906975472554251, 0.010363158730112905, 0.010822649766553649, 0.011283465230886866, 0.011743478555904293, 0.012200433248958994, 0.012651959087890323, 0.013095591148040228, 0.013528791516027582, 0.013948973473772502, 0.014353527864323859, 0.014739851281642815, 0.015105375662030213, 0.015447598797752586, 0.015764115245918614, 0.016052647069881208, 0.01631107382818395, 0.0165374612187327, 0.016730087794377888, 0.016887469190825045, 0.017008379348559043, 0.017091868266486704, 0.017137275894906993, 0.017144241857301932, 0.017112710781923057, 0.01704293312245918, 0.01693546144916745, 0.01679114229453049, 0.01661110373754469, 0.016396739005032787, 0.01614968645402582, 0.015871806373743295, 0.015565155106928004, 0.015231957036696981, 0.014874575015654746, 0.014495479828373138, 0.014097219276654097, 0.013682387459992425, 0.013253594792580214, 0.012813439254704002, 0.012364479322478797, 0.011909208957775703, 0.011450034972305727, 0.010989257008529022, 0.010529050307712912, 0.010071451364264936, 0.009618346497402426, 0.009171463307995746, 0.008732364931434769, 0.008302446947675558, 0.007882936767943704, 0.007474895284285603, 0.007079220543340019, 0.006696653189141743, 0.0063277834110177155, 0.005973059131050398, 0.005632795170370157, 0.005307183143805437, 0.00499630184721417, 0.004700127920177247, 0.004418546587707171, 0.0041513623073159145, 0.003898309171371547, 0.003659060938421172, 0.003433240590436072, 0.003220429335220896, 0.0030201749941057045, 0.0028319997341972438, 0.002655407121689892, 0.00248988848790346, 0.0023349286127771177, 0.002190010741525882, 0.0020546209591320048, 0.001928251954414358, 0.0018104062107419678, 0.001700598664201994, 0.0015983588723788424, 0.0015032327380350883, 0.0014147838320907379, 0.0013325943595516832, 0.0012562658106077338, 0.0011854193371579828, 0.0011196958926642652, 0.0010587561706036845, 0.0010022803739938193, 0.0009499678455884531, 0.0009015365854614886, 0.000856722679871907, 0.0008152796625799765, 0.0007769778271999378, 0.000741603506752196, 0.0007089583343354024, 0.0006788584967851002, 0.0006511339913241132, 0.0006256278935392899, 0.0006021956435343076, 0.0005807043558010209, 0.0005610321572122171, 0.0005430675565552299, 0.0005267088481864619, 0.0005118635516788556, 0.0004984478887452772, 0.0004863862982383291, 0.00047561098963957543, 0.0004660615351474549, 0.00045768450024289954, 0.0004504331124453158, 0.000444266967860333, 0.0004391517750566248, 0.00043505913578488557, 0.0004319663620612195, 0.0004298563291738052, 0.00042871736423043076, 0.00042854316994046776, 0.0004293327834135575, 0.00043109056985456823, 0.00043382625113621594, 0.00043755496933329136, 0.00044229738540180826, 0.0004480798132786728, 0.00045493438975855393, 0.00046289928057013273, 0.0004720189231191195, 0.00048234430638516377, 0.0004939332884483637, 0.0005068509520721946, 0.0005211699986763634, 0.0005369711808876288, 0.0005543437736505515, 0.0005733860836041355, 0.0005942059960743504, 0.0006169215585857381, 0.0006416615992461657, 0.0006685663776952348, 0.0006977882655164292, 0.0007294924520831905, 0.0007638576707273328, 0.0008010769388728858, 0.0008413583043588011, 0.0008849255885713514, 0.0009320191152149409, 0.0009828964115657706, 0.0010378328668777192, 0.0010971223302510354, 0.0011610776277458856, 0.0012300309758464076, 0.001304334265588323, 0.0013843591887967377, 0.0014704971749956973, 0.0015631591047158468, 0.0016627747622248495]}