{"OptimizeResult": "Optimization terminated successfully.", "params": [9.046584386311839, -0.44662468595610405, 0.12865916887587608], "prior": [0.003189635558479072, 0.003363492714393933, 0.0035400205612193536, 0.003719004026966008, 0.0039002250478511725, 0.0040834628339758575, 0.004268494138323286, 0.004455093528751, 0.004643033662645194, 0.004832085563902678, 0.005022018901902982, 0.005212602272130739, 0.0054036034781064475, 0.005594789814282103, 0.005785928349557076, 0.005976786211068765, 0.006167130867912321, 0.0063567304144437255, 0.0065453538528211005, 0.006732771374439997, 0.006918754639919779, 0.0071030770572999835, 0.007285514058107727, 0.007465843370959789, 0.007643845292366061, 0.007819302954404403, 0.007992002588940806, 0.008161733788072922, 0.008328289760479696, 0.008491467583364732, 0.008651068449686465, 0.008806897910373904, 0.008958766111232894, 0.00910648802425419, 0.009249883673041593, 0.009388778352085462, 0.009523002839614462, 0.009652393603766246, 0.009776793001825808, 0.009896049472288868, 0.010010017719516224, 0.01011855889075409, 0.010221540745304796, 0.010318837815641716, 0.010410331560272103, 0.010495910508161658, 0.010575470394544808, 0.010648914287955249, 0.010716152708322027, 0.010777103735987219, 0.010831693111512386, 0.01087985432615231, 0.010921528702885616, 0.010956665467903696, 0.010985221812470785, 0.011007162945079793, 0.011022462133840408, 0.011031100739047785, 0.011033068235892155, 0.011028362227281681, 0.01101698844676295, 0.010998960751535529, 0.0109743011055691, 0.010943039552843741, 0.010905214180745977, 0.010860871073665162, 0.010810064256846736, 0.010752855630570804, 0.01068931489473617, 0.01061951946394175, 0.010543554373168802, 0.010461512174178908, 0.010373492822753906, 0.010279603556915168, 0.010179958766270585, 0.01007467985264845, 0.009963895082188043, 0.00984773942906708, 0.009726354411056487, 0.009599887917102777, 0.009468494027148167, 0.009332332824407883, 0.009191570200333444, 0.009046377652499462, 0.00889693207566028, 0.008743415546230947, 0.008586015100455159, 0.008424922506530421, 0.008260334030968014, 0.008092450199472506, 0.007921475552632042, 0.007747618396717184, 0.007571090549891759, 0.007392107084145108, 0.007210886063259945, 0.0070276482771352575, 0.006842616972787831, 0.006656017582360114, 0.006468077448465922, 0.006279025547208436, 0.006089092209208134, 0.005898508838980374, 0.0057075076330046675, 0.005516321296829014, 0.005325182761554039, 0.005134324900042351, 0.004943980243198793, 0.004754380696667391, 0.0045657572582900145, 0.004378339736671119, 0.0041923564711913355, 0.004008034053811132, 0.003825597053003391, 0.0036452677401513267, 0.003467265818745056, 0.0032918081567067103, 0.0031191085221703115, 0.0029493773230381973, 0.0027828213506314206, 0.002619643527746385, 0.002460042661424652, 0.0023042132007372144, 0.0021523449998782224, 0.002004623086856927, 0.0018612274380695225, 0.0017223327590256566, 0.0015881082714966546, 0.0014587175073448714, 0.0013343181092853127, 0.001215061638822251, 0.0011010933915948937, 0.0009925522203570302, 0.0008895703658063206, 0.0007922732954694047, 0.0007007795508390175, 0.0006152006029494599, 0.0005356407165663128, 0.0004621968231558699, 0.0003949584027890888, 0.00033400737512390106, 0.0002794179995987317, 0.00023125678495880742, 0.0001895824082255035, 0.000154445643207422, 0.00012588929864033315, 0.00010394816603132531, 8.864897727070914e-05, 8.001037206333163e-05, 7.804287521896288e-05, 8.274888382943634e-05, 9.412266434816673e-05, 0.000112150359575587, 0.00013681000554201735, 0.00016807155826737539, 0.00020589693036513653, 0.0002502400374459544, 0.0003010468542643793, 0.0003582554805403121, 0.0004217962163749451, 0.000491591647169368, 0.0005675567379423147, 0.0006495989369322069, 0.0007376182883572079, 0.0008315075541959453, 0.0009311523448405311, 0.0010364312584626636, 0.0011472160289230729, 0.0012633716820440331, 0.0013847567000546284, 0.001511223194008336, 0.0016426170839629463, 0.0017787782867032301, 0.0019195409107776672, 0.0020647334586116495, 0.0022141790354508312, 0.002367695564880169, 0.002525096010655953, 0.002686188604580693, 0.0028507770801430967, 0.003018660911638606]}