{"OptimizeResult": "Optimization terminated successfully.", "params": [0.36811925447839733, 1.4997134959037934, 3.1087592442429357, 0.8827317372767425, 6.950633520280399], "prior": [0.001807769739248929, 0.0018641115976594776, 0.0019219909355049649, 0.001981368307952111, 0.0020421960898519874, 0.0021044180633794, 0.0021679690374263403, 0.0022327745056180725, 0.0022987503500486485, 0.002365802597978705, 0.0024338272387915303, 0.0025027101084537664, 0.0025723268485664257, 0.0026425429468138763, 0.0027132138652193366, 0.002784185262094645, 0.0028552933129329856, 0.0029263651347436054, 0.0029972193174805334, 0.003067666565292098, 0.003137510449340914, 0.0032065482729492674, 0.0032745720488558307, 0.0033413695874802995, 0.0034067256943486443, 0.003470423474312576, 0.003532245739997549, 0.0035919765221471786, 0.0036494026803313337, 0.0037043156140069487, 0.003756513076346584, 0.003805801096790525, 0.0038519960231738096, 0.003894926700800985, 0.00393443681428751, 0.003970387428679391, 0.004002659779634667, 0.004031158378626221, 0.004055814518490771, 0.0040765902874051125, 0.004093483225571403, 0.004106531788357211, 0.004115821811834464, 0.004121494210574315, 0.004123754171499816, 0.004122882139029198, 0.004119246912034117, 0.00411332118736527, 0.004105699881447058, 0.004097121532680011, 0.004088493023453824, 0.004080917750355673, 0.004075727202542935, 0.004074515668909934, 0.004079177473302794, 0.004091945725046114, 0.004115431065826606, 0.004152658297585588, 0.004207098104254393, 0.004282690361472923, 0.0043838548079837055, 0.004515484193799894, 0.004682914505993571, 0.0048918666025605136, 0.0051483536700588205, 0.0054585494773527286, 0.005828613533615543, 0.006264471058194773, 0.006771548176176425, 0.007354465949571171, 0.008016700645661973, 0.00876022184668226, 0.009585124338932558, 0.010489273815758326, 0.011467989848671709, 0.0125137918492761, 0.013616234397451984, 0.014761856952519898, 0.01593426932750117, 0.017114388313445746, 0.018280832645353132, 0.019410473514393907, 0.02047912671510425, 0.02146236114556599, 0.0223363877682745, 0.023078984344868346, 0.02367040525758971, 0.02409422330524814, 0.024338051988065924, 0.024394102568763683, 0.02425953979478334, 0.023936612865990036, 0.02343255297644053, 0.022759244266360393, 0.021932689925347762, 0.020972308190775894, 0.01990010299618425, 0.018739760276366656, 0.017515723057674012, 0.016252296499870582, 0.014972828444223119, 0.013699002511375617, 0.012450270343183837, 0.01124343824770196, 0.01009241231139991, 0.009008095883088223, 0.007998424900014393, 0.007068520259826938, 0.006220932526574098, 0.005455952641539149, 0.00477196274358997, 0.0041658033050332045, 0.0036331360985571055, 0.003168786552279421, 0.0027670533780015656, 0.002421977593972883, 0.0021275669169170007, 0.0018779747730011094, 0.0016676357693323426, 0.001491361351141756, 0.0013444005820403076, 0.0012224716060818222, 0.0011217694867023792, 0.0010389558844066176, 0.0009711355450572254, 0.0009158239250565102, 0.000870909563223668, 0.0008346140876160047, 0.000805452066144163, 0.0007821923029654372, 0.0007638216645335801, 0.0007495120950042632, 0.0007385911476027988, 0.0007305161084576615, 0.000724851611227295, 0.0007212505223497403, 0.000719437805770764, 0.0007191970413375316, 0.0007203592628775995, 0.0007227937921319802, 0.0007264007666188609, 0.0007311050881238881, 0.0007368515501183575, 0.0007436009343763326, 0.0007513268976580997, 0.000760013497493942, 0.0007696532312868883, 0.0007802454849611462, 0.0007917953062600857, 0.0008043124337401266, 0.0008178105257952219, 0.0008323065449984811, 0.0008478202619860242, 0.0008643738503418661, 0.0008819915497536357, 0.0009006993793475484, 0.000920524886794004, 0.0009414969216869181, 0.0009636454239947998, 0.0009870012201876215, 0.0010115958210654287, 0.001037461216437646, 0.0010646296626950083, 0.0010931334600343147, 0.0011230047166840616, 0.0011542750979718337, 0.0011869755585003263, 0.00122113605608031, 0.001256785246423599, 0.001293950157940916, 0.0013326558463295194, 0.0013729250289817806, 0.001414777699604853, 0.001458230723817451, 0.0015032974168853366, 0.0015499871051735403, 0.0015983046733304192, 0.001648250099674885, 0.0016998179827306561, 0.001752997062336]}